article_id,primary_coder,secondary_coder,DOI,journal_name,title,wos_id
62676,NA,NA,https://doi.org/10.1080/10503307.2021.1993376,PSYCHOTHERAPY RESEARCH,Symptom change trajectories in patients with persistent somatic symptoms and their association to long-term treatment outcome,WOS:000712784300001
55643,NA,NA,https://doi.org/10.1002/jcad.12425,JOURNAL OF COUNSELING AND DEVELOPMENT,"Correlates of wellness, affective distress, and burnout among school counselors",WOS:000743082100001
75660,NA,NA,https://doi.org/10.1007/s11469-019-00136-8,INTERNATIONAL JOURNAL OF MENTAL HEALTH AND ADDICTION,"The Physical, Emotional, and Identity User-Avatar Association with Disordered Gaming: A Pilot Study",WOS:000493362200001
47316,NA,NA,https://doi.org/10.1177/02724316211058065,JOURNAL OF EARLY ADOLESCENCE,Are Gifted Students More Victimized than Nongifted Students? A Comparison in Prevalence and Relation to Psychological Variables in Early Adolescence,WOS:000769286800001
48249,NA,NA,https://doi.org/10.1080/23311908.2022.2047300,COGENT PSYCHOLOGY,Relationships between basic psychological needs and violent extremist Attitudes: The mediating role of actively open-minded thinking,WOS:000766890300001
17298,NA,NA,https://doi.org/10.3389/fpsyg.2022.911959,FRONTIERS IN PSYCHOLOGY,Impacts of family environment on adolescents' academic achievement: The role of peer interaction quality and educational expectation gap,WOS:000861605600001
62868,NA,NA,https://doi.org/10.1080/13218719.2021.1956385,PSYCHIATRY PSYCHOLOGY AND LAW,The effects of judicial supervision on recidivism of offenders in Australia and New Zealand: a systematic review and meta-analysis,WOS:000711803300001
74531,NA,NA,https://doi.org/10.1177/0894845320941251,JOURNAL OF CAREER DEVELOPMENT,Career Counselors Self-Disclosing to First-Generation College Students: A Grounded Theory Study,WOS:000549934500001
9481,NA,NA,https://doi.org/10.1002/pmh.1571,PERSONALITY AND MENTAL HEALTH,Late manifestation of borderline personality disorder: Characterization of an under-recognized phenomenon,WOS:000883845400001
63307,NA,NA,https://doi.org/10.1016/j.apergo.2021.103600,APPLIED ERGONOMICS,"Activity space, office space: Measuring the spatial movement of office workers",WOS:000708130200008
34597,NA,NA,https://doi.org/10.3389/fpsyg.2022.850614,FRONTIERS IN PSYCHOLOGY,"Spanish Pre-Olympic Athletes' Motivations and Barriers to Pursuing Dual Career as a Function of Sociodemographic, Sport and Academic Variables",WOS:000805941100001
60612,NA,NA,https://doi.org/10.1177/13591053211061411,JOURNAL OF HEALTH PSYCHOLOGY,A qualitative exploration of families' experiences and resilience factors during the COVID-19 pandemic,WOS:000727769700001
56019,NA,NA,https://doi.org/10.1007/s11089-021-00993-y,PASTORAL PSYCHOLOGY,Not Getting Stuck in Dryness-Strategies for Coping with Phases of Spiritual Dryness Among Religious Brothers and Sisters in Germany-Findings from Qualitative Interviews,WOS:000742622800001
55805,NA,NA,https://doi.org/10.1002/ijop.12827,INTERNATIONAL JOURNAL OF PSYCHOLOGY,The influence of ambient aroma on the middle school students' academic emotions,WOS:000744859500001
14068,NA,NA,https://doi.org/10.1007/s12671-022-02006-2,MINDFULNESS,Enhancing the Assessment of Gratitude in Mindfulness Research: a Rasch Analysis of the 6-Item Gratitude Questionnaire,WOS:000869609700001
29311,NA,NA,https://doi.org/10.1037/pro0000478,PROFESSIONAL PSYCHOLOGY-RESEARCH AND PRACTICE,The Effects of Cataclysm-Related Stress on Rumination Patterns: The Case of COVID-19,WOS:000821241600001
11652,NA,NA,https://doi.org/10.1016/j.newideapsych.2022.100982,NEW IDEAS IN PSYCHOLOGY,The Enhanced Agentic Diversity Perspective (EADP): An appeal for Co-creating an accommodative social space so that diversity unlocks innovativeness rather than problems br,WOS:000878652000002
34610,NA,NA,https://doi.org/10.1093/abm/kaac027,ANNALS OF BEHAVIORAL MEDICINE,Do Side Effects to the Primary COVID-19 Vaccine Reduce Intentions for a COVID-19 Vaccine Booster?,WOS:000805229500001
65681,NA,NA,https://doi.org/10.1080/02699931.2021.1950639,COGNITION & EMOTION,(Un)mask yourself! Effects of face masks on facial mimicry and emotion perception during the COVID-19 pandemic,WOS:000688347000001
16107,NA,NA,https://doi.org/NA,REVISTA ARGENTINA DE CIENCIAS DEL COMPORTAMIENTO,Psychotherapy in times of the COVID-19 pandemic in Argentina: Factors associated with the use of telepsychotherapy during social isolation,WOS:000862933400006
25312,NA,NA,https://doi.org/10.3389/fpsyg.2022.931955,FRONTIERS IN PSYCHOLOGY,"Measuring Immersion, Involvement, and Attention Focusing Tendencies in the Mediated Environment: The Applicability of the Immersive Tendencies Questionnaire",WOS:000834083600001
129,NA,NA,https://doi.org/10.1017/S0140525X2200142X,BEHAVIORAL AND BRAIN SCIENCES,Advancing theorizing about fast-and-slow thinking,WOS:001030556000001
37887,NA,NA,https://doi.org/10.3758/s13428-022-01859-8,BEHAVIOR RESEARCH METHODS,The Headphone and Loudspeaker Test - Part I: Suggestions for controlling characteristics of playback devices in internet experiments,WOS:000796795000005
72721,NA,NA,https://doi.org/10.1080/03004430.2020.1865337,EARLY CHILD DEVELOPMENT AND CARE,Symbolic play: mother and child behaviours,WOS:000606732800001
20604,NA,NA,https://doi.org/10.1016/j.cedpsych.2022.102099,CONTEMPORARY EDUCATIONAL PSYCHOLOGY,Examining the effects of quality talk discussions on 4th-and 5th-grade students' high-level comprehension of text,WOS:000849618900002
18,NA,NA,https://doi.org/10.1017/S1930297500009438,JUDGMENT AND DECISION MAKING,Social preferences before and after the onset of the COVID-19 pandemic in China,WOS:001047427200006
62411,NA,NA,https://doi.org/10.1177/10870547211057074,JOURNAL OF ATTENTION DISORDERS,Associations of Irritability With Functional Connectivity of Amygdala and Nucleus Accumbens in Adolescents and Young Adults With ADHD,WOS:000715281300001
34653,NA,NA,https://doi.org/10.1080/24720038.2021.2024544,PSYCHOANALYSIS SELF AND CONTEXT,Mourning and The Capacity To Be Alone: Cultural and Existential Rituals in Loss,WOS:000807067500001
26201,NA,NA,https://doi.org/10.3758/s13421-022-01343-w,MEMORY & COGNITION,How does attribute ambiguity improve memory?,WOS:000830328200001
64353,NA,NA,https://doi.org/10.1080/17439760.2021.1975156,JOURNAL OF POSITIVE PSYCHOLOGY,Gratitude and future time perspective during the COVID-19 pandemic: effects of age and virus worry,WOS:000702264800001
66960,NA,NA,https://doi.org/10.1080/00224499.2021.1956412,JOURNAL OF SEX RESEARCH,Erectile Dysfunction and Partner-Directed Behaviors in Romantic Relationships: The Mediating Role of Suspicious Jealousy,WOS:000678403700001
23956,NA,NA,https://doi.org/10.1037/pap0000412,PSYCHOANALYTIC PSYCHOLOGY,For One Can Always Start Something New: An Arendtian-Psychoanalytic Reflection on Patient Agency,WOS:000838262400001
55544,NA,NA,https://doi.org/10.1016/j.cognition.2021.104978,COGNITION,The beep-speed illusion: Non-spatial tones increase perceived speed of visual objects in a forced-choice paradigm,WOS:000745680700001
27644,NA,NA,https://doi.org/10.1016/j.bodyim.2022.05.002,BODY IMAGE,"Fat, sexy, and human? Perceptions of plus-size sexualized women and dehumanization",WOS:000822678500006
64351,NA,NA,https://doi.org/10.1080/15283488.2021.1957895,IDENTITY-AN INTERNATIONAL JOURNAL OF THEORY AND RESEARCH,The Identity Resilience Index: Development and Validation in Two UK Samples,WOS:000701503400001
48605,NA,NA,https://doi.org/10.1037/ppm0000383,PSYCHOLOGY OF POPULAR MEDIA,The Role of Different Characters on Story-Consistent Attitudes and Self-Reported Mental Health-Related Behavior Change Among Viewers of 13 Reasons Why,WOS:000766314500001
40538,NA,NA,https://doi.org/10.1007/s10964-022-01620-6,JOURNAL OF YOUTH AND ADOLESCENCE,Self-harm and Aggression in Chinese Early Adolescents: Their Co-occurrence and the Role of Bullying Victimization,WOS:000790113000001
62696,NA,NA,https://doi.org/10.1111/eth.13245,ETHOLOGY,"Parasitism of Neoconocephalus katydids by the parasitoid fly, Ormia lineifrons",WOS:000712248000001
74284,NA,NA,https://doi.org/10.1080/03004430.2020.1802260,EARLY CHILD DEVELOPMENT AND CARE,The effect of visual illusion on performance and quiet eye in autistic children,WOS:000557987300001
41872,NA,NA,https://doi.org/10.3390/bs12040087,BEHAVIORAL SCIENCES,Predicting Academic Performance: Analysis of Students' Mental Health Condition from Social Media Interactions,WOS:000787447100001
5542,NA,NA,https://doi.org/10.1007/s10862-022-10016-6,JOURNAL OF PSYCHOPATHOLOGY AND BEHAVIORAL ASSESSMENT,Youth Intolerance of Uncertainty - Parent-Report (YIU-PR): A Developmentally Sensitive Measure of Intolerance of Uncertainty in Children and Adolescents,WOS:000896448300001
54764,NA,NA,https://doi.org/10.1111/cogs.13081,COGNITIVE SCIENCE,Characterizing the Details of Spatial Construction: Cognitive Constraints and Variability,WOS:000747640000008
10174,NA,NA,https://doi.org/10.1177/00986283221129193,TEACHING OF PSYCHOLOGY,Myths of Popular Psychology Among University Students and Teachers: Does Training in Psychology Reduce Belief in Myths?,WOS:000883104500001
26565,NA,NA,https://doi.org/10.1016/j.rasd.2022.102003,RESEARCH IN AUTISM SPECTRUM DISORDERS,Dynamic Interactive Social Cognition Training in Virtual Reality (DiSCoVR) for adults with Autism Spectrum Disorder: A feasibility study,WOS:000829477400001
52013,NA,NA,https://doi.org/10.1017/S0033291722000058,PSYCHOLOGICAL MEDICINE,Ameliorative patterns of grey matter in patients with first-episode and treatment-naive schizophrenia,WOS:000755382900001
2096,NA,NA,https://doi.org/10.1093/arclin/acae042,ARCHIVES OF CLINICAL NEUROPSYCHOLOGY,Algorithms for Operationalizing Mild Cognitive Impairment Using the Spanish-Language NIH Toolbox Cognition Battery,WOS:000814950500001
45645,NA,NA,https://doi.org/10.1080/1068316X.2022.2059480,PSYCHOLOGY CRIME & LAW,Assessing the deterrent effect of symbolic guardianship through neighbourhood watch signs and police signs: a virtual reality study,WOS:000778031300001
37015,NA,NA,https://doi.org/10.1111/psyp.14046,PSYCHOPHYSIOLOGY,Relational integration predicted numerical inductive reasoning: ERP Evidence from the N400 and LNC,WOS:000798573500001
21394,NA,NA,https://doi.org/10.3389/fpsyg.2022.945848,FRONTIERS IN PSYCHOLOGY,The inhibitory effect of moral emotions on malevolent creativity: Exploring the mediation role of emotional valence and prosocial behavior,WOS:000847965500001
9336,NA,NA,https://doi.org/10.1037/xhp0001078,JOURNAL OF EXPERIMENTAL PSYCHOLOGY-HUMAN PERCEPTION AND PERFORMANCE,Habituation to Onsets Is Controlled by Spatially Selective Distractor Expectation,WOS:000884484500001
39799,NA,NA,https://doi.org/10.1037/aca0000486,PSYCHOLOGY OF AESTHETICS CREATIVITY AND THE ARTS,"Neuroticism, Musical Emotion Regulation, Musical Coping, Mental Health, and Musicianship Characteristics",WOS:000793443600001
52560,NA,NA,https://doi.org/10.1093/geronb/gbab231,JOURNALS OF GERONTOLOGY SERIES B-PSYCHOLOGICAL SCIENCES AND SOCIAL SCIENCES,Change in Episodic Memory With Spousal Loss: The Role of Social Relationships,WOS:000756803300001
75294,NA,NA,https://doi.org/10.1080/23279095.2020.1748031,APPLIED NEUROPSYCHOLOGY-ADULT,Normative data for the Slovak version of the Frontal Assessment Battery (FAB),WOS:000527179400001
70299,NA,NA,https://doi.org/10.1177/01461672211007229,PERSONALITY AND SOCIAL PSYCHOLOGY BULLETIN,Phenotypic Mimicry Distinguishes Cues of Mating Competition From Paternal Investment in Men's Conspicuous Consumption,WOS:000646191700001
7726,NA,NA,https://doi.org/10.1093/geronb/gbac133,JOURNALS OF GERONTOLOGY SERIES B-PSYCHOLOGICAL SCIENCES AND SOCIAL SCIENCES,"Gender, Age of Migration, and Cognitive Life Expectancies Among Older Latinos: Evidence From the Health and Retirement Study",WOS:000892007200001
29782,NA,NA,https://doi.org/10.1016/j.joep.2022.102487,JOURNAL OF ECONOMIC PSYCHOLOGY,(Dis)honesty in the face of uncertain gains or losses,WOS:000819914700003
29750,NA,NA,https://doi.org/10.1080/09515089.2022.2096432,PHILOSOPHICAL PSYCHOLOGY,"Vaccine hesitancy and the reluctance to ""tempt fate""",WOS:000821018900001
70814,NA,NA,https://doi.org/10.1177/0146167220982900,PERSONALITY AND SOCIAL PSYCHOLOGY BULLETIN,"The ""Big Two"" in Hiring Discrimination: Evidence From a Cross-National Field Experiment",WOS:000636516000001
59755,NA,NA,https://doi.org/10.3758/s13423-021-02003-x,PSYCHONOMIC BULLETIN & REVIEW,The time-course of distractor-based activation modulates effects of speed-accuracy tradeoffs in conflict tasks,WOS:000730889400012
11677,NA,NA,https://doi.org/10.1111/cdev.13870,CHILD DEVELOPMENT,Adolescents' developing awareness of inequality: Racial and ethnic differences in trajectories,WOS:000877537400001
64278,NA,NA,https://doi.org/10.1007/s12124-021-09657-1,INTEGRATIVE PSYCHOLOGICAL AND BEHAVIORAL SCIENCE,Boundless China and Backward Asians: Hegemonic Confucianism as Epistemological Violence in Queer Psychology,WOS:000700369400001
16628,NA,NA,https://doi.org/10.3390/bs12090333,BEHAVIORAL SCIENCES,Assessment of Adaptive Behavior in People with Autism Spectrum Disorders through the ICAP,WOS:000856239600001
10836,NA,NA,https://doi.org/10.1177/03057356221126200,PSYCHOLOGY OF MUSIC,Measuring music-genre preferences: Discrepancies between direct and indirect methods,WOS:000878366400001
67965,NA,NA,https://doi.org/10.1108/JMP-07-2020-0403,JOURNAL OF MANAGERIAL PSYCHOLOGY,Strengths use and work-related flow: an experience sampling study on implications for risk taking and attentional behaviors,WOS:000670401600001
53898,NA,NA,https://doi.org/10.1111/emip.12491,EDUCATIONAL MEASUREMENT-ISSUES AND PRACTICE,Disrupted Data: Using Longitudinal Assessment Systems to Monitor Test Score Quality,WOS:000750715400001
58259,NA,NA,https://doi.org/10.1016/j.jaac.2021.03.011,JOURNAL OF THE AMERICAN ACADEMY OF CHILD AND ADOLESCENT PSYCHIATRY,A Randomized Controlled Trial of Combinatorial Pharmacogenetics Testing in Adolescent Depression,WOS:000734277300009
37739,NA,NA,https://doi.org/10.1177/00027642221092801,AMERICAN BEHAVIORAL SCIENTIST,Interpersonal Communication in the Information Age: Opportunities and Disruptions,WOS:000798203400001
14344,NA,NA,https://doi.org/10.1016/j.ijhcs.2022.102924,INTERNATIONAL JOURNAL OF HUMAN-COMPUTER STUDIES,Improving user experience of color palette extraction by using interactive visualization based on hierarchical color model,WOS:000869794000001
26918,NA,NA,https://doi.org/10.1016/j.chb.2022.107365,COMPUTERS IN HUMAN BEHAVIOR,What is irrational in fearing to miss out on being online. An application of the I-PACE model regarding the role of maladaptive cognitions in problematic internet use.,WOS:000827460300003
62905,NA,NA,https://doi.org/10.1111/bjhp.12567,BRITISH JOURNAL OF HEALTH PSYCHOLOGY,Personal condition but social cure: Agentic ingroups elevate well-being in chronically ill patients through perceptions of personal control,WOS:000711311600001
12792,NA,NA,https://doi.org/10.3389/fnhum.2022.854175,FRONTIERS IN HUMAN NEUROSCIENCE,"Molecular and Brain Volume Changes Following Aerobic Exercise, Cognitive and Combined Training in Physically Inactive Healthy Late-Middle-Aged Adults: The Projecte Moviment Randomized Controlled Trial",WOS:000876251900001
35698,NA,NA,https://doi.org/10.3389/fpsyg.2022.898935,FRONTIERS IN PSYCHOLOGY,Assessing the Effect of Dynamic Capabilities on the ESG Reporting and Corporate Performance Relationship With Topic Modeling: Evidence From Global Companies,WOS:000803992800001
36296,NA,NA,https://doi.org/10.3390/ejihpe12050033,EUROPEAN JOURNAL OF INVESTIGATION IN HEALTH PSYCHOLOGY AND EDUCATION,Personal Need for Structure and Fractions in Mathematical Education,WOS:000801807000001
41562,NA,NA,https://doi.org/10.3389/fpsyg.2022.854804,FRONTIERS IN PSYCHOLOGY,Personality and Sport Experience of 20-29-Year-Old Polish Male Professional Athletes,WOS:000787874400001
8453,NA,NA,https://doi.org/10.3389/fpsyg.2022.999469,FRONTIERS IN PSYCHOLOGY,Why do people with similar levels of internal control differ in their likelihood to commit fraud? Analysis of the moderating effect of perceived opportunity to commit fraud,WOS:000889802100001
63246,NA,NA,https://doi.org/10.1111/cdev.13685,CHILD DEVELOPMENT,Pathways from maternal depressive symptoms to children's academic performance in adolescence: A 13-year prospective-longitudinal study,WOS:000709835100001
99,NA,NA,https://doi.org/NA,INDIAN JOURNAL OF PSYCHOLOGICAL SCIENCE,THE RELATIONSHIP BETWEEN METAEMOTIONS AND EMOTIONAL REGULATION AMONG ORPHANS AND OTHER VULNERABLE CHILDREN (OVC),WOS:001024539700011
52641,NA,NA,https://doi.org/10.1002/aur.2684,AUTISM RESEARCH,Predictive language processing in young autistic children,WOS:000753369200001
432,NA,NA,https://doi.org/NA,COGNITIVE AND BEHAVIORAL PRACTICE,Dialectical Thinking,WOS:000831600800017
24805,NA,NA,https://doi.org/10.1007/s12144-022-03510-3,CURRENT PSYCHOLOGY,"Brief report: the effect of two short psychological interventions on psychiatric morbidity in parents of pediatric hematology oncology patients, a feasibility study",WOS:000835592400002
70087,NA,NA,https://doi.org/10.1177/0306624X211010292,INTERNATIONAL JOURNAL OF OFFENDER THERAPY AND COMPARATIVE CRIMINOLOGY,A Content Analysis of Prison Websites: Exploring Approaches to Rehabilitation in Latin America,WOS:000644980200001
65671,NA,NA,https://doi.org/10.1007/s12529-021-10019-9,INTERNATIONAL JOURNAL OF BEHAVIORAL MEDICINE,Brief Online Negative Affect Focused Functional Imagery Training Improves 2-Week Drinking Outcomes in Hazardous Student Drinkers: a Pilot Randomised Controlled Trial,WOS:000688365800001
1404,NA,NA,https://doi.org/10.1016/j.ijintrel.2022.07.002,INTERNATIONAL JOURNAL OF INTERCULTURAL RELATIONS,Different but not at odds: Dialectical thinking moderates the association between bicultural compartmentalization and adjustment,WOS:000927576900002
2135,NA,NA,https://doi.org/10.1080/00221309.2022.2115444,JOURNAL OF GENERAL PSYCHOLOGY,Bidirectional relations between guilt/shame and moral sensitivity: a two-wave cross-lagged analysis,WOS:000849078600001
49081,NA,NA,https://doi.org/10.3389/fpsyg.2022.810780,FRONTIERS IN PSYCHOLOGY,Self-Regulation of Seat of Attention Into Various Attentional Stances Facilitates Access to Cognitive and Emotional Resources: An EEG Study,WOS:000766900500001
26038,NA,NA,https://doi.org/10.1016/j.jenvp.2022.101839,JOURNAL OF ENVIRONMENTAL PSYCHOLOGY,"Subjective and physiological responses towards daylit spaces with contemporary facade patterns in virtual reality: Influence of sky type, space function, and latitude",WOS:000829689200003
72708,NA,NA,https://doi.org/10.1007/s12144-020-01224-y,CURRENT PSYCHOLOGY,The subjective index of benefits in volunteering (SIBiV): an instrument to manage satisfaction and permanence in non-profit organizations,WOS:000605098100002
40504,NA,NA,https://doi.org/10.1186/s41235-022-00383-9,COGNITIVE RESEARCH-PRINCIPLES AND IMPLICATIONS,The contribution of latent factors of executive functioning to mind wandering: an experience sampling study,WOS:000788029500002
2328,NA,NA,https://doi.org/10.1016/j.ecresq.2022.11.009,EARLY CHILDHOOD RESEARCH QUARTERLY,Early literacy acquisition in logographic orthographies: Evidence from Chinese and Japanese,WOS:000913165100006
29899,NA,NA,https://doi.org/10.1080/17405629.2022.2094362,EUROPEAN JOURNAL OF DEVELOPMENTAL PSYCHOLOGY,Development of civic and political engagement in schools: A structural equation model of democratic school characteristics' influence on different types of participation,WOS:000819543000001
62251,NA,NA,https://doi.org/10.1007/s10826-021-02141-9,JOURNAL OF CHILD AND FAMILY STUDIES,Mental Health in Children of Immigrants in Germany: The Role of Socio-Demographic and Immigration-Related Characteristics,WOS:000715642900004
20723,NA,NA,https://doi.org/10.1016/j.jrp.2022.104265,JOURNAL OF RESEARCH IN PERSONALITY,"From goals to traits: A pre-registered replication study of Dunlop, McCoy, and Staben (2017)",WOS:000848332400006
72926,NA,NA,https://doi.org/10.1080/19012276.2020.1863852,NORDIC PSYCHOLOGY,"Validating measurement tools for mentalization, emotion regulation difficulties and identity diffusion among Finnish adolescents",WOS:000603790500001
62244,NA,NA,https://doi.org/10.1080/00952990.2021.1981919,AMERICAN JOURNAL OF DRUG AND ALCOHOL ABUSE,Fentanyl and other opioid involvement in methamphetamine-related deaths,WOS:000716271100001
43866,NA,NA,https://doi.org/10.1002/jts.22836,JOURNAL OF TRAUMATIC STRESS,Occupational posttraumatic stress disorder and workplace violence in workers' compensation claims,WOS:000782838100001
66206,NA,NA,https://doi.org/10.1080/00918369.2021.1940014,JOURNAL OF HOMOSEXUALITY,Is Loneliness Associated with Celebrity Attraction in LGBT plus Persons?,WOS:000684149900001
26521,NA,NA,https://doi.org/10.3389/fpsyg.2022.895997,FRONTIERS IN PSYCHOLOGY,Should I Trust the Artificial Intelligence to Recruit? Recruiters' Perceptions and Behavior When Faced With Algorithm-Based Recommendation Systems During Resume Screening,WOS:000829413300001
18920,NA,NA,https://doi.org/10.1177/08902070221127386,EUROPEAN JOURNAL OF PERSONALITY,Personality development in immigrant and non-immigrant adolescents: Disruption or maturation?,WOS:000854993400001
62549,NA,NA,https://doi.org/10.1016/j.cognition.2021.104938,COGNITION,The impact of visual cues during visual word recognition in deaf readers: An ERP study,WOS:000711349600006
56417,NA,NA,https://doi.org/10.1037/fam0000957,JOURNAL OF FAMILY PSYCHOLOGY,Predictors of Latent Class Trajectories of Depressive Symptoms in Latina Mothers,WOS:000741669300001
182,NA,NA,https://doi.org/10.1016/j.peh.2022.100227,PERFORMANCE ENHANCEMENT & HEALTH,Anabolics coaching: Emic harm reduction or a public health concern?,WOS:001021791400005
6280,NA,NA,https://doi.org/10.1111/jasp.12953,JOURNAL OF APPLIED SOCIAL PSYCHOLOGY,The role of perceived autonomy-supportive communication for motivating prejudice reduction and avoiding defiant backlash within the police force workplace,WOS:000896876600001
24228,NA,NA,https://doi.org/10.3389/fpsyg.2022.900177,FRONTIERS IN PSYCHOLOGY,The Impact of Resource Bricolage on Entrepreneurial Orientation in Start-ups: The Moderating Roles of TMT Heterogeneity and TMT Behavioral Integration,WOS:000837857000001
69510,NA,NA,https://doi.org/10.1007/s10902-021-00410-4,JOURNAL OF HAPPINESS STUDIES,Are Veterans Happy? Long-term Military Service and the Life Satisfaction of Elderly Individuals in China,WOS:000656927700001
38730,NA,NA,https://doi.org/10.1007/s41811-022-00136-y,INTERNATIONAL JOURNAL OF COGNITIVE THERAPY,Testing the Two-Factor Model of Musical Obsessions: Can They Be Predicted by the Interaction Between Frequency and Dysfunctional Interpretations of Common Earworms?,WOS:000793707600001
63625,NA,NA,https://doi.org/10.1016/j.paid.2021.111286,PERSONALITY AND INDIVIDUAL DIFFERENCES,Effects of general trust as a personality trait on willingness to communicate in a second language,WOS:000704804700002
43818,NA,NA,https://doi.org/10.1002/pits.22705,PSYCHOLOGY IN THE SCHOOLS,Is relational aggression a means of pursuing social goals among adolescents with specific personality traits?,WOS:000783237200001
65491,NA,NA,https://doi.org/10.1080/02791072.2021.1968082,JOURNAL OF PSYCHOACTIVE DRUGS,"Childhood Religious Affiliation Type Is Associated with Alcohol, but Not Cannabis Use in Adults",WOS:000691503500001
39144,NA,NA,https://doi.org/10.1080/10615806.2022.2075855,ANXIETY STRESS AND COPING,Relationships between stress appraisals and intolerance of uncertainty with psychological health during early COVID-19 in the USA,WOS:000794962300001
19459,NA,NA,https://doi.org/10.1080/09658211.2022.2120203,MEMORY,Individual differences in memory disruption caused by simulated cellphone notifications,WOS:000853190900001
21725,NA,NA,https://doi.org/10.1080/07347332.2022.2102958,JOURNAL OF PSYCHOSOCIAL ONCOLOGY,Sexual script flexibility after a prostate cancer diagnosis: Implications for sexual satisfaction,WOS:000844964900001
73672,NA,NA,https://doi.org/10.1080/23279095.2020.1830774,APPLIED NEUROPSYCHOLOGY-ADULT,BDNF (rs6265) Val < Met polymorphism can buffer cognitive functions against post stroke CT/MRI pathological findings,WOS:000579207800001
64608,NA,NA,https://doi.org/10.1080/09638237.2021.1979490,JOURNAL OF MENTAL HEALTH,Parents' right strategy on preventing youngsters' recent suicidal ideation: a 13-year prospective cohort study,WOS:000698933900001
7457,NA,NA,https://doi.org/10.19090/pp.v15i3.2385,PRIMENJENA PSIHOLOGIJA,Should I be bothered or not? Development of the Environmental Attitudes Scale (EAS),WOS:000890184700005
55595,NA,NA,https://doi.org/10.1007/s10899-021-10097-0,JOURNAL OF GAMBLING STUDIES,"Using ""Markers of Harm"" to Track Risky Gambling in Two Cohorts of Online Sports Bettors",WOS:000745755200001
54854,NA,NA,https://doi.org/10.1007/s12310-022-09499-1,SCHOOL MENTAL HEALTH,Validation and Use of the Measure of Effective Attributes of Trainers in School-Based Implementation of Proactive Classroom Management Strategies,WOS:000741911400001
5933,NA,NA,https://doi.org/10.1016/j.chb.2022.107518,COMPUTERS IN HUMAN BEHAVIOR,Fighting cyberbullying with past: The buffering effect of nostalgia,WOS:000877585600011
35296,NA,NA,https://doi.org/10.3389/fpsyg.2022.749772,FRONTIERS IN PSYCHOLOGY,When You Choose but Not Lose: Decreasing People's Desire for Options on Technological Appliances,WOS:000802816300001
15559,NA,NA,https://doi.org/10.1037/dev0001474,DEVELOPMENTAL PSYCHOLOGY,Family Dynamics and Adjustment Across Latino/a Students' Transition to College: Disentangling Within- and Between-Person Reciprocal Associations,WOS:000864355200001
33021,NA,NA,https://doi.org/10.1080/14681994.2022.2086231,SEXUAL AND RELATIONSHIP THERAPY,Couple healing from infidelity: a deductive qualitative analysis study,WOS:000809759600001
60693,NA,NA,https://doi.org/10.1002/capr.12498,COUNSELLING & PSYCHOTHERAPY RESEARCH,"Containment, compassion and clarity: Mixed-methods research into supervision during doctoral research for psychotherapists and counselling psychologists",WOS:000726562100001
5228,NA,NA,https://doi.org/10.1177/17470218221142463,QUARTERLY JOURNAL OF EXPERIMENTAL PSYCHOLOGY,Multiple object tracking with extended occlusions,WOS:000899589100001
73907,NA,NA,https://doi.org/10.1111/jpr.12303,JAPANESE PSYCHOLOGICAL RESEARCH,Development of the Japanese Version of the Achievement Emotions Questionnaire - Elementary School (AEQ-ES-J),WOS:000569982500001
48432,NA,NA,https://doi.org/10.1080/02103702.2021.2009293,JOURNAL FOR THE STUDY OF EDUCATION AND DEVELOPMENT,Latin American early childhood education and social vulnerability links to toddlers' executive function and early communication (La educacion temprana en Latinoamerica y las relaciones de la vulnerabilidad social con las funciones ejecutivas y la comunicacion temprana en la primera infancia),WOS:000766443200001
52151,NA,NA,https://doi.org/10.1177/21676968211051475,EMERGING ADULTHOOD,Challenges in Emerging Adulthood Related to the Impact of Childhood Bullying Victimization,WOS:000753191200001
4193,NA,NA,https://doi.org/10.1186/s40359-022-01017-x,BMC PSYCHOLOGY,Japanese version of the Brief Sense of Community Scale: construct validity and reliability,WOS:000898514400001
5015,NA,NA,https://doi.org/10.51668/bp.8322304n,BEHAVIORAL PSYCHOLOGY-PSICOLOGIA CONDUCTUAL,RELATIONSHIP BETWEEN TRAIT MINDFULNESS AND THE ROLES OF CYBERBULLYING BYSTANDERS AMONG ADOLESCENTS,WOS:000894835600001
34593,NA,NA,https://doi.org/10.1037/emo0000754,EMOTION,Is Threat Detection Black and White? Race Effects in Threat-Related Perceptual Decision-Making,WOS:000804351100006
5785,NA,NA,https://doi.org/10.1177/10790632221145925,SEXUAL ABUSE-A JOURNAL OF RESEARCH AND TREATMENT,A Qualitative Examination of School Counselors' Experiences of Sextortion Cases of Female Students in Israel,WOS:000897921700001
67892,NA,NA,https://doi.org/10.1080/19012276.2021.1918225,NORDIC PSYCHOLOGY,WAIS-IV short form applied to a mixed neurological Swedish clinical sample,WOS:000669351300001
32504,NA,NA,https://doi.org/10.3389/fpsyg.2022.865784,FRONTIERS IN PSYCHOLOGY,Impact of Techno-Creators and Techno-Inhibitors on Techno-Stress Manifestations in Chilean Kindergarten Directors in the Context of the COVID-19 Pandemic and Teleworking,WOS:000811406700001
61642,NA,NA,https://doi.org/10.3758/s13421-021-01257-z,MEMORY & COGNITION,Stimuli with a positive valence can facilitate cognitive control,WOS:000720202900001
31355,NA,NA,https://doi.org/10.3389/fpsyg.2022.878573,FRONTIERS IN PSYCHOLOGY,Will Natural Media Make Online Physicians More Trustworthy? The Effect of Media Naturalness on Patients' Intention to Use HIT,WOS:000812829400001
4322,NA,NA,https://doi.org/10.1080/0361073X.2022.2160597,EXPERIMENTAL AGING RESEARCH,Olfactory Dysfunction Associated with Cognitive Decline in an Elderly Population,WOS:000902993400001
20720,NA,NA,https://doi.org/10.1080/00332828.2022.2074137,PSYCHOANALYTIC QUARTERLY,"Searching for Bedrocks: Gender, Biology, and the Question of Ontology",WOS:000847231300005
45146,NA,NA,https://doi.org/10.1093/geronb/gbab191,JOURNALS OF GERONTOLOGY SERIES B-PSYCHOLOGICAL SCIENCES AND SOCIAL SCIENCES,"Health, Wealth, and Voting Trajectories in Later Life",WOS:000776760100033
56668,NA,NA,https://doi.org/10.1111/ijsa.12369,INTERNATIONAL JOURNAL OF SELECTION AND ASSESSMENT,Virtual reality assessments (VRAs): Exploring the reliability and validity of evaluations in VR,WOS:000740861400001
72002,NA,NA,https://doi.org/10.1177/0023830920986174,LANGUAGE AND SPEECH,Context Matters for Tone and Intonation Processing in Mandarin,WOS:000618452600001
71599,NA,NA,https://doi.org/10.1007/s10803-021-04927-8,JOURNAL OF AUTISM AND DEVELOPMENTAL DISORDERS,The Additive Effect of CBT Elements on the Video Game 'Mindlight' in Decreasing Anxiety Symptoms of Children with Autism Spectrum Disorder,WOS:000625060600001
12813,NA,NA,https://doi.org/10.3389/fpsyg.2022.947887,FRONTIERS IN PSYCHOLOGY,The direct and indirect effect of neuroticism on work engagement of nurses during COVID-19: A temporal analysis,WOS:000875948800001
57739,NA,NA,https://doi.org/10.1007/s10964-021-01562-5,JOURNAL OF YOUTH AND ADOLESCENCE,Impact of a School-Based Multicomponent Positive Psychology Intervention on Adolescents' Time Attitudes: A Latent Transition Analysis,WOS:000736782100001
120,NA,NA,https://doi.org/10.51847/1dXHAg0S2q,JOURNAL OF ORGANIZATIONAL BEHAVIOR RESEARCH,ANALYSIS OF ORGANIZATIONAL CULTURE: A MULTIPLE CASE STUDY,WOS:001032860400001
31218,NA,NA,https://doi.org/10.1080/1612197X.2022.2090989,INTERNATIONAL JOURNAL OF SPORT AND EXERCISE PSYCHOLOGY,The effects of strategic self-talk on divided attention following physical exhaustion,WOS:000815464400001
60632,NA,NA,https://doi.org/10.1002/bsl.2551,BEHAVIORAL SCIENCES & THE LAW,Diagnosing intellectual disability in people with fetal alcohol spectrum disorder: A function of which diagnostic manual is used?,WOS:000727235200001
75499,NA,NA,https://doi.org/10.1080/07481187.2020.1728429,DEATH STUDIES,"The grief and communication family support intervention: Intervention fidelity, participant experiences, and potential outcomes",WOS:000514881800001
16821,NA,NA,https://doi.org/10.1027/1015-5759/a000735,EUROPEAN JOURNAL OF PSYCHOLOGICAL ASSESSMENT,Measuring Growth Mindset Validation of a Three-Item and a Single-Item Scale in Adolescents and Adults,WOS:000861723800002
70005,NA,NA,https://doi.org/10.1080/20445911.2021.1922418,JOURNAL OF COGNITIVE PSYCHOLOGY,Links between depressive symptoms and the observer perspective for autobiographical memories and imagined events: a high familial risk study,WOS:000650462700001
20599,NA,NA,https://doi.org/10.1007/s10880-022-09909-1,JOURNAL OF CLINICAL PSYCHOLOGY IN MEDICAL SETTINGS,An Acceptance and Commitment Training (ACT) Framework for Teaching Cultural Humility: A Guide for Translating ACT from a Therapeutic Context into a Medical Education Curriculum,WOS:000849151600001
68968,NA,NA,https://doi.org/10.1177/0306624X211022668,INTERNATIONAL JOURNAL OF OFFENDER THERAPY AND COMPARATIVE CRIMINOLOGY,The Prediction of Youth Recidivism in a Spanish Roma Population by the Youth Level of Service/Case Management Inventory (YLS/CMI),WOS:000657983700001
12039,NA,NA,https://doi.org/10.1002/eat.23834,INTERNATIONAL JOURNAL OF EATING DISORDERS,"Risk and protective factors for new-onset binge eating, low weight, and self-harm symptoms in >35,000 individuals in the UK during the COVID-19 pandemic",WOS:000876561400001
59801,NA,NA,https://doi.org/10.1037/pas0001074,PSYCHOLOGICAL ASSESSMENT,Validity of Informant Report Interpretations: Role of Examinee Performance and Symptom Invalidity,WOS:000733034900001
10007,NA,NA,https://doi.org/10.1027/2512-8442/a000123,EUROPEAN JOURNAL OF HEALTH PSYCHOLOGY,Three Pathways Into Chronic Lack of Energy as a Mental Health Complaint,WOS:000883065300001
17118,NA,NA,https://doi.org/10.3389/fpsyg.2022.957037,FRONTIERS IN PSYCHOLOGY,"Experiencing an art education program through immersive virtual reality or iPad: Examining the mediating effects of sense of presence and extraneous cognitive load on enjoyment, attention, and retention",WOS:000862114100001
22553,NA,NA,https://doi.org/10.3389/fpsyg.2022.945914,FRONTIERS IN PSYCHOLOGY,Do learners with higher readiness feel less anxious when studying online at home?,WOS:000842716100001
62426,NA,NA,https://doi.org/10.1080/10826084.2021.1975746,SUBSTANCE USE & MISUSE,Social-Structural Predictors of Fentanyl Exposure among Street Involved Youth,WOS:000714784600001
8710,NA,NA,https://doi.org/10.1007/s11336-022-09888-0,PSYCHOMETRIKA,A Bayesian Approach Towards Missing Covariate Data in Multilevel Latent Regression Models,WOS:000886818100001
46327,NA,NA,https://doi.org/10.1111/bmsp.12270,BRITISH JOURNAL OF MATHEMATICAL & STATISTICAL PSYCHOLOGY,A new person-fit method based on machine learning in CDM in education,WOS:000773356300001
61587,NA,NA,https://doi.org/10.1016/j.chb.2021.107051,COMPUTERS IN HUMAN BEHAVIOR,"Digital distraction or accessible aid? Parental media use during feedings and parent-infant attachment, dysfunction, and relationship quality",WOS:000719927500002
18047,NA,NA,https://doi.org/10.1080/23279095.2022.2124374,APPLIED NEUROPSYCHOLOGY-ADULT,Socio-cognitive mindfulness predicts memory complaint and cognitive performance of older adults with different years of education,WOS:000858405900001
15535,NA,NA,https://doi.org/10.1080/10474412.2022.2131558,JOURNAL OF EDUCATIONAL AND PSYCHOLOGICAL CONSULTATION,Reflections on Consultation: Applying a DisCrit and Equitable Implementation Lens to Help School Psychologists Disrupt Disparities,WOS:000865380800001
73057,NA,NA,https://doi.org/10.1007/s10508-020-01768-x,ARCHIVES OF SEXUAL BEHAVIOR,Our Grandmothers' Legacy: Challenges Faced by Female Ancestors Leave Traces in Modern Women's Same-Sex Relationships,WOS:000604828300015
14465,NA,NA,https://doi.org/10.3389/fpsyg.2022.992638,FRONTIERS IN PSYCHOLOGY,How much vocabulary is needed for comprehension of video lectures in MOOCs: A corpus-based study,WOS:000868529100001
64270,NA,NA,https://doi.org/10.1002/cpp.2667,CLINICAL PSYCHOLOGY & PSYCHOTHERAPY,'I think it does just opens it up and horizontal ellipsis you're not hiding it anymore': Trainee clinical psychologists' experiences of self-disclosing mental health difficulties,WOS:000702726700001
50900,NA,NA,https://doi.org/10.1037/fam0000975,JOURNAL OF FAMILY PSYCHOLOGY,Familias Divididas [Divided Families]: Transnational Family Separation and Undocumented Latinx Immigrant Health,WOS:000759775800001
15254,NA,NA,https://doi.org/10.1111/jasp.12932,JOURNAL OF APPLIED SOCIAL PSYCHOLOGY,Biogeographic ancestry information facilitates genetic racial essentialism: Consequences for race-based judgments,WOS:000866440600001
2826,NA,NA,https://doi.org/NA,REVISTA DE PSICOLOGIA DEL DEPORTE,A Psychological Probe into the Willingness of Physical Fitness Training for Middle School Students in Intensive Physical Training,WOS:000908352600007
6408,NA,NA,https://doi.org/10.1016/j.ijintrel.2022.04.006,INTERNATIONAL JOURNAL OF INTERCULTURAL RELATIONS,"Ethnic minority, immigrants, and Indigenous people's well-being disparities in Canada during the COVID-19 pandemic: The mediating role of threat perceptions",WOS:000895882300003
18740,NA,NA,https://doi.org/10.1037/apl0001041,JOURNAL OF APPLIED PSYCHOLOGY,Serving While Being Energized (Strained)? A Dual-Path Model Linking Servant Leadership to Leader Psychological Strain and Job Performance,WOS:000853571800001
13937,NA,NA,https://doi.org/10.1007/s10882-022-09881-6,JOURNAL OF DEVELOPMENTAL AND PHYSICAL DISABILITIES,"""Sorry, I Didn't Mean to Kiss at You"": A Descriptive Analysis of Tourette Syndrome in Interpersonal Interactions",WOS:000871808600001
2756,NA,NA,https://doi.org/10.1080/08995605.2022.2139948,MILITARY PSYCHOLOGY,"Effects of resilience training on mental, emotional, and physical stress outcomes in military officer cadets",WOS:000910658900001
50912,NA,NA,https://doi.org/10.1111/eth.13273,ETHOLOGY,Canada jays (Perisoreus canadensis) identify and exploit coniferous cache locations using visual cues,WOS:000759989700001
13823,NA,NA,https://doi.org/10.3389/fpsyg.2022.906181,FRONTIERS IN PSYCHOLOGY,A test of indirect grounding of abstract concepts using multimodal distributional semantics,WOS:000871305200001
32,NA,NA,https://doi.org/10.1007/s42761-022-00131-8,AFFECTIVE SCIENCE,The Influence of Environmental Enrichment on Affective and Neural Consequences of Social Isolation Across Development,WOS:001044791200003
68570,NA,NA,https://doi.org/10.1111/bjso.12476,BRITISH JOURNAL OF SOCIAL PSYCHOLOGY,The malleability of collective memories: One year after the Tulip Revolution in Kyrgyzstan,WOS:000662847400001
61523,NA,NA,https://doi.org/10.1177/10870547211060546,JOURNAL OF ATTENTION DISORDERS,Cognitive and Neuroimaging Profiles of Older Adults With Attention Deficit/Hyperactivity Disorder Presenting to a Memory Clinic,WOS:000721117700001
43333,NA,NA,https://doi.org/10.1007/s13164-022-00637-x,REVIEW OF PHILOSOPHY AND PSYCHOLOGY,The Challenges to the Study of Cultural Variation in Cognition,WOS:000781245800001
32352,NA,NA,https://doi.org/10.1002/bin.1895,BEHAVIORAL INTERVENTIONS,Further evaluation of a decision-making algorithm supporting visual analysis of time-series data,WOS:000811775800001
66359,NA,NA,https://doi.org/10.1177/09593535211033461,FEMINISM & PSYCHOLOGY,"""Kick the XX out of your life"": An analysis of the manosphere's discursive constructions of gender on Twitter",WOS:000683940400001
55856,NA,NA,https://doi.org/10.3389/fpsyg.2021.741348,FRONTIERS IN PSYCHOLOGY,Girls' Stuff? Maternal Gender Stereotypes and Their Daughters' Fear,WOS:000745181500001
22983,NA,NA,https://doi.org/10.1024/1662-9647/a000262,GEROPSYCH-THE JOURNAL OF GERONTOPSYCHOLOGY AND GERIATRIC PSYCHIATRY,Happiness Inequality Among a Sample of Iranian Older Population,WOS:000839630800001
30871,NA,NA,https://doi.org/10.1007/s11145-022-10320-3,READING AND WRITING,"Exploring literal and inferential reading comprehension among L2 adolescent learners: the roles of working memory capacity, syllogistic inference, and L2 linguistic knowledge",WOS:000817002900001
35206,NA,NA,https://doi.org/10.3389/fpsyg.2022.899466,FRONTIERS IN PSYCHOLOGY,Predicting Organization Performance Changes: A Sequential Data-Based Framework,WOS:000806151700001
61680,NA,NA,https://doi.org/10.1002/aur.2635,AUTISM RESEARCH,The autistic brain can process local but not global emotion regularities in facial and musical sequences,WOS:000719868600001
21843,NA,NA,https://doi.org/10.1111/desc.13313,DEVELOPMENTAL SCIENCE,Hearing about a story character's negative emotional reaction to having been dishonest causes young children to cheat less,WOS:000844611100001
39386,NA,NA,https://doi.org/10.1111/psyp.14088,PSYCHOPHYSIOLOGY,New insights on the correspondence between subjective affective experience and physiological responses from representational similarity analysis,WOS:000793256200001
49234,NA,NA,https://doi.org/10.3390/ejihpe12020011,EUROPEAN JOURNAL OF INVESTIGATION IN HEALTH PSYCHOLOGY AND EDUCATION,Physiological Foundations for Religious Experiences in Devotional Worship Practices with Music Using Heart Rate and Respiration Rate Analyses,WOS:000765981900001
46814,NA,NA,https://doi.org/10.1177/00916471211068044,JOURNAL OF PSYCHOLOGY AND THEOLOGY,Distortive Assumptions in the Literature on White's Thesis: Toward Theologically Sensitive Measures of Dominion and Stewardship Ideology,WOS:000770938800001
28697,NA,NA,https://doi.org/10.1007/s10775-022-09562-y,INTERNATIONAL JOURNAL FOR EDUCATIONAL AND VOCATIONAL GUIDANCE,The influence of social connectedness and meaning in life on career adaptability and career self-efficacy in students with special educational needs,WOS:000823313500001
16388,NA,NA,https://doi.org/10.1080/01639625.2022.2125856,DEVIANT BEHAVIOR,"The Paradoxes of Normalization: Cannabis as Nuisance Crime, Medicine, and Consumer Good in British Columbia Before and After Legalization",WOS:000863361800001
34919,NA,NA,https://doi.org/10.1111/sltb.12889,SUICIDE AND LIFE-THREATENING BEHAVIOR,The feasibility and acceptability of using smartphones to assess suicide risk among Spanish-speaking adult outpatients,WOS:000807458200001
74422,NA,NA,https://doi.org/10.1080/21622965.2020.1799790,APPLIED NEUROPSYCHOLOGY-CHILD,Clinical predictors of post-injury anxiety in adolescent patients following concussion,WOS:000553417900001
46569,NA,NA,https://doi.org/10.31577/sp.2022.01.839,STUDIA PSYCHOLOGICA,Lower Adherence to Clotting Factor Replacement Therapy in Patients with Haemophilia Associated with More Depressive Symptoms: Two Centers Cross-Sectional Study,WOS:000773067900001
63847,NA,NA,https://doi.org/10.1177/0890207020988435,EUROPEAN JOURNAL OF PERSONALITY,"Age and gender differences in socially aversive (""dark"") personality traits",WOS:000705429200001
73397,NA,NA,https://doi.org/10.1007/s12144-020-01150-z,CURRENT PSYCHOLOGY,Age patterns in psychopathic traits from age 9 to age 20: Testing unique associations with conduct disorder symptoms,WOS:000583947700001
51355,NA,NA,https://doi.org/10.1037/adb0000824,PSYCHOLOGY OF ADDICTIVE BEHAVIORS,The Rise and Fall of Substance Use During Treatment: Applying Recency and Expectancy Principles to Daily Substance Use Patterns,WOS:000759775300001
28493,NA,NA,https://doi.org/10.1016/j.bodyim.2021.12.002,BODY IMAGE,Measurement invariance and psychometric properties of three positive body image measures among cisgender sexual minority and heterosexual women,WOS:000820496300008
19418,NA,NA,https://doi.org/10.1080/1068316X.2022.2115494,PSYCHOLOGY CRIME & LAW,Battling bias: can two implicit bias remedies reduce juror racial bias?,WOS:000853393100001
26570,NA,NA,https://doi.org/10.1177/17470218221112238,QUARTERLY JOURNAL OF EXPERIMENTAL PSYCHOLOGY,Self-relevance and the activation of attentional networks,WOS:000829528600001
75573,NA,NA,https://doi.org/10.1080/23279095.2019.1710508,APPLIED NEUROPSYCHOLOGY-ADULT,Validation of Iranian Smell Identification Test for screening of mild cognitive impairment and Alzheimer's disease,WOS:000507661600001
63866,NA,NA,https://doi.org/10.1177/0306624X211049201,INTERNATIONAL JOURNAL OF OFFENDER THERAPY AND COMPARATIVE CRIMINOLOGY,Exploring Models of Care and the Perceived Impact in an Offender Rehabilitation Program,WOS:000705087600001
55229,NA,NA,https://doi.org/10.1080/0075417X.2021.2012498,JOURNAL OF CHILD PSYCHOTHERAPY,Trauma and place identity: the breaking and repairing of place attachment in the mind of an adolescent with developmental trauma,WOS:000746732700001
8556,NA,NA,https://doi.org/10.1080/87568225.2022.2144789,JOURNAL OF COLLEGE STUDENT PSYCHOTHERAPY,From Role-Play to Real Life: Using Gatekeeper Skills in Real-World Situations,WOS:000889321000001
74890,NA,NA,https://doi.org/10.1080/07481187.2020.1774943,DEATH STUDIES,Social support as a protective factor against the effect of grief reactions on depression for bereaved single older adults,WOS:000542774500001
56440,NA,NA,https://doi.org/10.1007/s10826-021-02220-x,JOURNAL OF CHILD AND FAMILY STUDIES,Preventive Group Training Improves Children's Outcomes after Divorce: A Dutch Quasi-experimental Study,WOS:000741875500002
47446,NA,NA,https://doi.org/10.1002/jcop.22838,JOURNAL OF COMMUNITY PSYCHOLOGY,Stigmatization of people diagnosed with a mental disorder in secondary mental health centers in Chile: An ethnographic study,WOS:000769040700001
63227,NA,NA,https://doi.org/10.1111/pere.12406,PERSONAL RELATIONSHIPS,Unaffirmed and color-blind: Racial worldview and stigma experienced in interracial relationships,WOS:000709466900001
30665,NA,NA,https://doi.org/10.1017/S0033291722001623,PSYCHOLOGICAL MEDICINE,Resting-state functional connectivity patterns associated with childhood maltreatment in a large bicentric cohort of adults with and without major depression,WOS:000816942100001
48119,NA,NA,https://doi.org/10.1177/01461672221079104,PERSONALITY AND SOCIAL PSYCHOLOGY BULLETIN,"Boring People: Stereotype Characteristics, Interpersonal Attributions, and Social Reactions",WOS:000769163500001
47402,NA,NA,https://doi.org/10.1002/jmcd.12233,JOURNAL OF MULTICULTURAL COUNSELING AND DEVELOPMENT,A phenomenological analysis of invisibility syndrome in formerly incarcerated Black men,WOS:000770717200001
20122,NA,NA,https://doi.org/10.1002/aur.2812,AUTISM RESEARCH,Patterns of sleep disturbances and associations with depressive symptoms in autistic young adults,WOS:000851438000001
58731,NA,NA,https://doi.org/10.1037/per0000530,PERSONALITY DISORDERS-THEORY RESEARCH AND TREATMENT,"Momentary Assessment of Aberrant Salience, Anomalous Self-Experiences, and Psychotic-Like Experiences",WOS:000733072700001
20138,NA,NA,https://doi.org/10.1177/00302228221124987,OMEGA-JOURNAL OF DEATH AND DYING,Measurement of Risk Factors Associated With bereavement Severity and Deterioration by COVID-19: A Spanish Validation Study of the Pandemic Grief Risk Factors,WOS:000851276000001
45220,NA,NA,https://doi.org/10.1080/13284207.2022.2055964,CLINICAL PSYCHOLOGIST,Improving mental health care outcomes: the agile psychological medicine clinic,WOS:000779109200001
54626,NA,NA,https://doi.org/10.1016/j.avb.2021.101679,AGGRESSION AND VIOLENT BEHAVIOR,The correctional classification hub: A framework for classificatory pluralism,WOS:000747802900002
29566,NA,NA,https://doi.org/10.3389/fpsyg.2022.870373,FRONTIERS IN PSYCHOLOGY,Influence of Social Media on Corporate Communication Social Responsibility Under Entrepreneurial Psychology,WOS:000819175500001
40429,NA,NA,https://doi.org/10.1016/j.jadohealth.2021.10.015,JOURNAL OF ADOLESCENT HEALTH,Impact of COVID-19 Mitigation Measures on Inner-City Female Youth in New York City,WOS:000789211700008
64071,NA,NA,https://doi.org/10.1177/1354067X211047444,CULTURE & PSYCHOLOGY,Work and purpose: A return to Sisyphus and Bartleby,WOS:000703196400001
61194,NA,NA,https://doi.org/10.1007/s10936-021-09822-y,JOURNAL OF PSYCHOLINGUISTIC RESEARCH,"Fluency in L2: Read and Spontaneous Speech Pausing Patterns of Turkish, Swahili, Hausa and Arabic Speakers of English",WOS:000722968000001
57558,NA,NA,https://doi.org/10.1515/humor-2021-0087,HUMOR-INTERNATIONAL JOURNAL OF HUMOR RESEARCH,Effects of regular and joke dog whistles on perceptions of political candidates,WOS:000738347100001
38574,NA,NA,https://doi.org/10.1177/00027642221091199,AMERICAN BEHAVIORAL SCIENTIST,"""No Cult Tells You to Think for Yourself"": Discursive Ideology and the Limits of Rationality in Conspiracy Theory QAnon",WOS:000795850500001
52176,NA,NA,https://doi.org/10.1002/pmh.1539,PERSONALITY AND MENTAL HEALTH,The screen for cognitive impairment in psychiatry in patients with borderline personality disorder,WOS:000756040300001
72568,NA,NA,https://doi.org/10.1007/s12144-020-01303-0,CURRENT PSYCHOLOGY,Humor and personality: Psychometric properties of the Italian version of the comic styles markers and its relationships with the big five personality traits,WOS:000607514700002
12894,NA,NA,https://doi.org/10.1016/j.chb.2022.107406,COMPUTERS IN HUMAN BEHAVIOR,Investigating the negative bias towards artificial intelligence: Effects of prior assignment of AI-authorship on the aesthetic appreciation of abstract paintings,WOS:000874367000004
63166,NA,NA,https://doi.org/10.1027/1866-5888/a000285,JOURNAL OF PERSONNEL PSYCHOLOGY,Effects of Action Planning After Employee Surveys,WOS:000709048800001
47391,NA,NA,https://doi.org/10.1080/00223980.2022.2045887,JOURNAL OF PSYCHOLOGY,The Role of Mindful Self-Care in the Relationship between Emotional Intelligence and Burnout in University Students,WOS:000770479600001
683,NA,NA,https://doi.org/10.1177/07399863231164857,HISPANIC JOURNAL OF BEHAVIORAL SCIENCES,The Representational Deficit of Latinxs in the US House of Representatives,WOS:000963772200001
45714,NA,NA,https://doi.org/10.1177/08862605221084747,JOURNAL OF INTERPERSONAL VIOLENCE,"Rape Culture, Revictimization, and Social Representations: Images and Discourses on Sexual and Violent Crimes in the Digital Sphere in Mexico",WOS:000777549400001
36132,NA,NA,https://doi.org/10.1007/s40806-022-00326-z,EVOLUTIONARY PSYCHOLOGICAL SCIENCE,The Rise of Reciprocal Altruism-a Theory Based on the Centipede Game with Trivers-Payoffs,WOS:000801116000001
6735,NA,NA,https://doi.org/10.3389/fpsyg.2022.1016492,FRONTIERS IN PSYCHOLOGY,The unique and compensatory effects of home and classroom learning activities on Migrant and Seasonal Head Start children's Spanish and English emergent literacy skills,WOS:000894662200001
67534,NA,NA,https://doi.org/10.3758/s13421-021-01205-x,MEMORY & COGNITION,Remembering nothing: Encoding and memory processes involved in representing empty locations,WOS:000674544200002
60248,NA,NA,https://doi.org/10.1002/pmh.1534,PERSONALITY AND MENTAL HEALTH,Screening for borderline personality pathology on college campuses,WOS:000730089200001
63652,NA,NA,https://doi.org/10.1080/1612197X.2021.1987966,INTERNATIONAL JOURNAL OF SPORT AND EXERCISE PSYCHOLOGY,When it is no longer a bit of banter: Coaches' perspectives of bullying in professional soccer,WOS:000707082100001
44052,NA,NA,https://doi.org/10.1002/dev.22274,DEVELOPMENTAL PSYCHOBIOLOGY,Identifying the limits of peripheral visual processing in 9-month-old infants,WOS:000782458500001
71120,NA,NA,https://doi.org/10.1007/s10591-021-09571-z,CONTEMPORARY FAMILY THERAPY,Integrating Internal Family Systems and Solutions Focused Brief Therapy to Treat Survivors of Sexual Trauma,WOS:000630274400001
75189,NA,NA,https://doi.org/10.1080/09638237.2020.1755018,JOURNAL OF MENTAL HEALTH,Biological causal beliefs and depression stigma: the moderating effects of first- and second-hand experience with depression,WOS:000531963600001
4885,NA,NA,https://doi.org/10.1026/1616-3443/a000682,ZEITSCHRIFT FUR KLINISCHE PSYCHOLOGIE UND PSYCHOTHERAPIE,Temperature Perception in the Blushing Region A Pilot Study Comparing Blushing-Fearful Individuals With and Without Social Phobia and Controls,WOS:000898436500002
1572,NA,NA,https://doi.org/10.1016/j.chiabu.2022.105937,CHILD ABUSE & NEGLECT,Factors associated with caregiver help seeking behavior among at-risk children,WOS:000919803000004
18686,NA,NA,https://doi.org/10.1016/j.newideapsych.2022.100981,NEW IDEAS IN PSYCHOLOGY,To identify and limit the risks of neglect in orphaned students: Can France manage it?,WOS:000855258900001
49372,NA,NA,https://doi.org/NA,JOURNAL OF THE AMERICAN ACADEMY OF CHILD AND ADOLESCENT PSYCHIATRY,The Longitudinal Associations Between Paternal Incarceration and Family Well-Being: Implications for Ethnic/Racial Disparities in Health,WOS:000760602800013
15217,NA,NA,https://doi.org/NA,SOCIAL COGNITION,PRECONSCIOUS ATTENTIONAL BIAS TO REJECTION FACILITATES SOCIAL DISTANCING FOR WHITE WOMEN IN STEM CONTEXTS,WOS:000865620300002
15229,NA,NA,https://doi.org/10.1007/s12144-022-03829-x,CURRENT PSYCHOLOGY,Trajectories in life satisfaction before and during COVID-19 with respect to perceived valence and self-efficacy,WOS:000866292000001
41321,NA,NA,https://doi.org/10.1097/DBP.0000000000001027,JOURNAL OF DEVELOPMENTAL AND BEHAVIORAL PEDIATRICS,Children's Attention and Self-Regulatory Behavior Before and During the COVID-19 Pandemic,WOS:000788208900014
41417,NA,NA,https://doi.org/10.3389/fnhum.2022.803542,FRONTIERS IN HUMAN NEUROSCIENCE,How to Decide the Number of Gait Cycles in Different Low-Pass Filters to Extract Motor Modules by Non-negative Matrix Factorization During Walking in Chronic Post-stroke Patients,WOS:000789614700001
72089,NA,NA,https://doi.org/10.1080/09658211.2021.1880600,MEMORY,Dr James Ost's contributions to the work of the British false memory society,WOS:000616250400001
36410,NA,NA,https://doi.org/10.1016/j.invent.2021.100463,INTERNET INTERVENTIONS-THE APPLICATION OF INFORMATION TECHNOLOGY IN MENTAL AND BEHAVIOURAL HEALTH,An internet-based compassion course for healthcare professionals: Rationale and protocol for a randomised controlled trial,WOS:000799991900003
69888,NA,NA,https://doi.org/10.1080/0803706X.2021.1887518,INTERNATIONAL FORUM OF PSYCHOANALYSIS,"Psychoanalytic views of ""writer's block"": Artistic creation and its discontents",WOS:000648138600001
64368,NA,NA,https://doi.org/10.1016/j.jsat.2021.108520,JOURNAL OF SUBSTANCE ABUSE TREATMENT,Al-Anon Intensive Referral (AIR): A qualitative formative evaluation for implementation,WOS:000701838000011
67559,NA,NA,https://doi.org/10.1111/bjso.12481,BRITISH JOURNAL OF SOCIAL PSYCHOLOGY,Communicating group norms through election results,WOS:000673356100001
3916,NA,NA,https://doi.org/10.1016/j.infbeh.2022.101801,INFANT BEHAVIOR & DEVELOPMENT,Examining the trajectory of parent emotion talk in mothers of toddlers: A predominantly Latine sample,WOS:000900781900011
288,NA,NA,https://doi.org/10.1016/j.ijhcs.2022.102978,INTERNATIONAL JOURNAL OF HUMAN-COMPUTER STUDIES,Aesthetic semantics: Affect rating of atomic visual web aesthetics for use in affective user experience design,WOS:000990057800001
54067,NA,NA,https://doi.org/10.1002/da.23242,DEPRESSION AND ANXIETY,Efficacy of D-cycloserine augmented brief intensive cognitive-behavioural therapy for paediatric obsessive-compulsive disorder: A randomised clinical trial,WOS:000749671400001
38110,NA,NA,https://doi.org/10.3389/fpsyg.2022.861823,FRONTIERS IN PSYCHOLOGY,To Be Ethical and Responsible Digital Citizens or Not: A Linguistic Analysis of Cyberbullying on Social Media,WOS:000795593900001
9413,NA,NA,https://doi.org/10.3389/fpsyg.2022.984775,FRONTIERS IN PSYCHOLOGY,Do backers prefer crowdfunding or pre-order? An empirical study,WOS:000885328300001
11671,NA,NA,https://doi.org/10.1007/s12310-022-09551-0,SCHOOL MENTAL HEALTH,Early Childhood Professionals' Perspectives on Dealing with Trauma of Children,WOS:000877453400001
51253,NA,NA,https://doi.org/10.1007/s12144-022-02812-w,CURRENT PSYCHOLOGY,A Japanese Version of the Personal Relative Deprivation Scale (J-PRDS): Development and validation of the J-PRDS,WOS:000756387700003
69237,NA,NA,https://doi.org/10.1177/02724316211020360,JOURNAL OF EARLY ADOLESCENCE,Conflict Resolution and Emotional Expression in Sibling and Mother-Adolescent Dyads: Within-Family and Across-Context Similarities,WOS:000657903900001
62367,NA,NA,https://doi.org/10.1007/s10902-021-00468-0,JOURNAL OF HAPPINESS STUDIES,"Well-being Changes from Year to Year: A Comparison of Current, Remembered and Predicted Life Satisfaction",WOS:000715733200001
45422,NA,NA,https://doi.org/10.1080/02667363.2022.2059450,EDUCATIONAL PSYCHOLOGY IN PRACTICE,An exploration of two supervisors' engagement in a transcultural supervision exercise to support culturally responsive supervision with trainee educational psychologists (TEPs),WOS:000777521300001
22799,NA,NA,https://doi.org/10.1080/10409289.2022.2106768,EARLY EDUCATION AND DEVELOPMENT,Self-Regulation and Academic Achievement from Early to Middle Childhood Among Children in Low-Income Neighborhoods,WOS:000842107000001
58292,NA,NA,https://doi.org/10.3758/s13428-021-01727-x,BEHAVIOR RESEARCH METHODS,An update of the Benton Facial Recognition Test,WOS:000730888700007
50639,NA,NA,https://doi.org/10.1037/ccp0000712,JOURNAL OF CONSULTING AND CLINICAL PSYCHOLOGY,"Racial Discrimination, Mental Health Symptoms, and Intimate Partner Violence Perpetration in Black Adults",WOS:000759789600001
38480,NA,NA,https://doi.org/10.13129/2282-1619/mjcp-3272,MEDITERRANEAN JOURNAL OF CLINICAL PSYCHOLOGY,Two sides of the same medal? Reward mechanisms between motivational drives and psychopathology,WOS:000793965100019
53996,NA,NA,https://doi.org/10.1037/ser0000597,PSYCHOLOGICAL SERVICES,The Role of the MMPI-2-Restructured Form (MMPI-2-RF) in Predicting and Better Understanding Engagement in Posttraumatic Stress Disorder Treatment,WOS:000749774400001
30195,NA,NA,https://doi.org/10.1080/03069885.2022.2089631,BRITISH JOURNAL OF GUIDANCE & COUNSELLING,Counsellors' position in the child-teacher-parent axis in attention-deficit/hyperactivity disorder and learning disorders,WOS:000819751500001
4876,NA,NA,https://doi.org/10.1177/07435584221144956,JOURNAL OF ADOLESCENT RESEARCH,Understanding Latinx Child Farmworkers' Reasons for Working: A Mixed Methods Approach,WOS:000901548200001
69236,NA,NA,https://doi.org/10.1177/01492063211015288,JOURNAL OF MANAGEMENT,To What Do I Owe This Visit? The Drawbacks and Benefits of In-Role and Non-Role Intrusions,WOS:000652879400001
860,NA,NA,https://doi.org/10.14349/rlp.2022.v54.20,REVISTA LATINOAMERICANA DE PSICOLOGIA,Perfectionistic Self-Presentation Scale in Ecuador: psychometric properties and latent mean differences across genders,WOS:000945591000003
16549,NA,NA,https://doi.org/10.1080/00224499.2022.2126815,JOURNAL OF SEX RESEARCH,Mindfulness and Sex Education for Sexual Interest/Arousal Disorder: Mediators and Moderators of Treatment Outcome,WOS:000863397900001
74545,NA,NA,https://doi.org/10.1080/13811118.2020.1795018,ARCHIVES OF SUICIDE RESEARCH,Few Do and To Few: Disclosure of Suicidal Thoughts in Friendship Networks of Young Adults Experiencing Homelessness,WOS:000551314900001
22084,NA,NA,https://doi.org/10.1037/emo0000919,EMOTION,I've Seen Enough! Prolonged and Repeated Exposure to Disgusting Stimuli Increases Oculomotor Avoidance,WOS:000843773800023
60934,NA,NA,https://doi.org/10.1002/jcop.22762,JOURNAL OF COMMUNITY PSYCHOLOGY,"The relationship of COVID-19 traumatic stress, cumulative trauma, and race to posttraumatic stress disorder symptoms",WOS:000724949300001
75587,NA,NA,https://doi.org/10.1080/01443410.2019.1706722,EDUCATIONAL PSYCHOLOGY,The adolescent peer system and academic engagement,WOS:000506141300001
75056,NA,NA,https://doi.org/10.1177/0149206320921438,JOURNAL OF MANAGEMENT,CEO Awards and Financial Misconduct,WOS:000536354900001
24677,NA,NA,https://doi.org/10.1007/s41811-022-00138-w,INTERNATIONAL JOURNAL OF COGNITIVE THERAPY,Thinking About Disgust: Cognitive Processes Mediate the Associations Between Disgust Proneness and OCD Symptom Domains,WOS:000836073900001
63539,NA,NA,https://doi.org/10.1111/sode.12559,SOCIAL DEVELOPMENT,Predictive utility of a novel observational assessment of child coping,WOS:000706407200001
72870,NA,NA,https://doi.org/10.1080/2159676X.2020.1862290,QUALITATIVE RESEARCH IN SPORT EXERCISE AND HEALTH,The role of the motivational climate in female engagement in secondary school physical education: a dual study investigation,WOS:000604416200001
22481,NA,NA,https://doi.org/10.1007/s40750-022-00197-5,ADAPTIVE HUMAN BEHAVIOR AND PHYSIOLOGY,The Cocksure Conundrum: How Evolution Created a Gendered Currency of Corporate Overconfidence,WOS:000842468700002
53087,NA,NA,https://doi.org/10.3389/fpsyg.2021.778471,FRONTIERS IN PSYCHOLOGY,Responding to the Unique Complexities of Fetal Alcohol Spectrum Disorder,WOS:000752077700001
23255,NA,NA,https://doi.org/10.1111/cogs.13183,COGNITIVE SCIENCE,The Emergence of Cultural Attractors: How Dynamic Populations of Learners Achieve Collective Cognitive Alignment,WOS:000840849200001
25945,NA,NA,https://doi.org/10.3389/fpsyg.2022.953313,FRONTIERS IN PSYCHOLOGY,"Tax Incentives, Tax Enforcement, and Enterprise R&D Investment: Evidence From Chinese A-Share Listed",WOS:000830173200001
71414,NA,NA,https://doi.org/10.1111/jpr.12331,JAPANESE PSYCHOLOGICAL RESEARCH,"The Emotion of Fear: Its Experience in Situations Involving Animals, Accidents, and Violence and Its Regulation by the Cognitive Reappraisal Strategy",WOS:000632467200001
27800,NA,NA,https://doi.org/10.4088/JCP.21m14096,JOURNAL OF CLINICAL PSYCHIATRY,"Randomized, Placebo-Controlled Effectiveness Study of Quetiapine XR in Comorbid Depressive and Anxiety Disorders",WOS:000823629800018
49470,NA,NA,https://doi.org/10.1111/cogs.13091,COGNITIVE SCIENCE,"Understanding ""Why:"" How Implicit Questions Shape Explanation Preferences",WOS:000758870400010
41596,NA,NA,https://doi.org/10.1080/10409289.2022.2063612,EARLY EDUCATION AND DEVELOPMENT,Effects of a Teacher Classroom Management program on preschool teachers' practices and psychological factors: A randomized trial with teachers of children from economically disadvantaged families,WOS:000787203600001
53768,NA,NA,https://doi.org/10.1007/s11199-021-01272-z,SEX ROLES,Gender Inequality Lowers Educational Aspiration for Adolescent Boys and Girls: A Multi-Level and Longitudinal Study in China,WOS:000750430900001
45598,NA,NA,https://doi.org/10.1037/aca0000485,PSYCHOLOGY OF AESTHETICS CREATIVITY AND THE ARTS,It Is Not Always Better to Have More Ideas: Serial Order and the Trade-Off Between Fluency and Elaboration in Divergent Thinking Tasks,WOS:000776933800001
60297,NA,NA,https://doi.org/10.1177/13591045211058318,CLINICAL CHILD PSYCHOLOGY AND PSYCHIATRY,Exploring the psychological impact of COVID-19 on adolescents with borderline personality disorder and their mothers: A focus group study,WOS:000729507800001
13770,NA,NA,https://doi.org/10.3389/fpsyg.2022.842397,FRONTIERS IN PSYCHOLOGY,Validation of Herek's attitudes toward lesbian women and gay men scale among undergraduates in mainland China,WOS:000873110700001
38737,NA,NA,https://doi.org/10.1007/s10508-021-02249-5,ARCHIVES OF SEXUAL BEHAVIOR,Factor Structure of the Sexual Risk Survey Among US College Students with and without ADHD: Assessing Clinical Utility with a High-Risk Population,WOS:000793685000001
25350,NA,NA,https://doi.org/10.1177/02537176221114439,INDIAN JOURNAL OF PSYCHOLOGICAL MEDICINE,Impact of COVID-19 Pandemic on Postgraduate Psychiatry Teaching- Learning and Evaluation in India: A Nationwide Survey,WOS:000833806400001
75036,NA,NA,https://doi.org/10.1177/0030222820927231,OMEGA-JOURNAL OF DEATH AND DYING,When New Life Meets Death: Three Hermeneutic Case Studies From Switzerland,WOS:000536566400001
2182,NA,NA,https://doi.org/10.1080/10826084.2022.2155475,SUBSTANCE USE & MISUSE,"Impairment, Disability, and Substance Use Disorder",WOS:000898275100001
53233,NA,NA,https://doi.org/10.1080/1068316X.2022.2032054,PSYCHOLOGY CRIME & LAW,Development and application of an offense severity index in the evaluation of treatment of individuals convicted of sexual crimes,WOS:000751689600001
8638,NA,NA,https://doi.org/10.1080/07421656.2022.2131355,ART THERAPY,Transforming Power Through Cultural Humility in the Intercultural Contact Zone of Art Therapy,WOS:000884229900001
6738,NA,NA,https://doi.org/10.2224/sbp.11934,SOCIAL BEHAVIOR AND PERSONALITY,The impact of organizational innovation culture on employees' innovation behavior,WOS:000893308600010
57500,NA,NA,https://doi.org/10.1007/s12144-021-02551-4,CURRENT PSYCHOLOGY,"Are orcs racist? Dungeons and Dragons, ethnocentrism, anxiety, and the depiction of ""evil"" monsters",WOS:000737754200006
9395,NA,NA,https://doi.org/10.1177/00332941221139713,PSYCHOLOGICAL REPORTS,Modelling the Relationship Between Resilience to Depression and Recent Stressful Life Events in University Students,WOS:000886021700001
4126,NA,NA,https://doi.org/10.1007/s12144-022-04125-4,CURRENT PSYCHOLOGY,"Affective neurobiological systems underlie emotional needs, interpersonal motivations and life themes from a biopsychosocial and contextual perspective",WOS:000899897300002
563,NA,NA,https://doi.org/10.1037/abn0000750,JOURNAL OF PSYCHOPATHOLOGY AND CLINICAL SCIENCE,Neural Correlates of Body Image Processing in Binge Eating Disorder,WOS:000968984500003
70932,NA,NA,https://doi.org/10.1177/0018720820983632,HUMAN FACTORS,Measuring the Efficiency of Automation-Aided Performance in a Simulated Baggage Screening Task,WOS:000635327000001
68272,NA,NA,https://doi.org/10.1080/10852352.2021.1935197,JOURNAL OF PREVENTION & INTERVENTION IN THE COMMUNITY,The welfare of immigrants: Resilience and sense of community,WOS:000662794500001
55958,NA,NA,https://doi.org/10.1002/ijop.12833,INTERNATIONAL JOURNAL OF PSYCHOLOGY,Five-factor model trait profiles of narcissistic grandiosity and narcissistic vulnerability in Iranian university students,WOS:000743807300001
2797,NA,NA,https://doi.org/10.1016/j.cortex.2022.09.013,CORTEX,Allochiria for spatial landmarks as the presenting feature of posterior cortical atrophy,WOS:000903748800007
20902,NA,NA,https://doi.org/10.1037/sgd0000602,PSYCHOLOGY OF SEXUAL ORIENTATION AND GENDER DIVERSITY,Queer Asian American Men's Racialized Dating Preferences: The Role of Internalized Racism and Resistance and Empowerment Against Racism,WOS:000847810900001
69872,NA,NA,https://doi.org/10.1080/17405629.2021.1926231,EUROPEAN JOURNAL OF DEVELOPMENTAL PSYCHOLOGY,Popularity matters: Moderating role of popularity on the relation between perceived peer pressure for intervention and Chinese adolescents' bystander behaviours in bullying,WOS:000652388400001
9754,NA,NA,https://doi.org/10.1177/00957984221136800,JOURNAL OF BLACK PSYCHOLOGY,Religious/Spiritual Struggles and Mental Health Among Black Adolescents and Emerging Adults: A Meta-synthesis,WOS:000884320500001
5921,NA,NA,https://doi.org/10.1002/jcop.22971,JOURNAL OF COMMUNITY PSYCHOLOGY,The prevalence and correlates of running away among adolescents in the United States,WOS:000897603700001
56479,NA,NA,https://doi.org/10.1037/neu0000789,NEUROPSYCHOLOGY,Naming Spatial Relations Across the Adult Lifespan: At the Crossroads of Language and Perception,WOS:000741673200001
67562,NA,NA,https://doi.org/10.1177/19485506211023619,SOCIAL PSYCHOLOGICAL AND PERSONALITY SCIENCE,The Chicken and Egg of Pride and Social Rank,WOS:000672882900001
13933,NA,NA,https://doi.org/10.1080/00220973.2022.2130130,JOURNAL OF EXPERIMENTAL EDUCATION,Power to Detect Moderated Effects in Studies with Three-Level Partially Nested Data,WOS:000870655300001
46172,NA,NA,https://doi.org/10.1007/s00426-022-01675-x,PSYCHOLOGICAL RESEARCH-PSYCHOLOGISCHE FORSCHUNG,Impact of an overweight body representation in virtual reality on locomotion in a motor imagery task,WOS:000773177200001
55163,NA,NA,https://doi.org/10.1037/xhp0000971,JOURNAL OF EXPERIMENTAL PSYCHOLOGY-HUMAN PERCEPTION AND PERFORMANCE,"Local Motion Pooling Is Continuous, Global Motion Perception Is Discrete",WOS:000745130500011
60092,NA,NA,https://doi.org/10.1177/13591053211061407,JOURNAL OF HEALTH PSYCHOLOGY,Mediators and moderators of physical activity changes in a school-based intervention targeting childhood obesity,WOS:000730400800001
70189,NA,NA,https://doi.org/10.1080/01639625.2021.1899756,DEVIANT BEHAVIOR,Racial Sympathy and Support for Capital Punishment: A Case Study in Concept Transfer,WOS:000641335300001
16534,NA,NA,https://doi.org/10.1016/j.dcn.2022.101152,DEVELOPMENTAL COGNITIVE NEUROSCIENCE,Early stressful experiences are associated with reduced neural responses to naturalistic emotional and social content in children,WOS:000863130400002
2933,NA,NA,https://doi.org/10.1007/s12144-022-04187-4,CURRENT PSYCHOLOGY,How peer victimization predicts mental well-being and disruptive behaviors: exploring serial mediating mechanisms in the digital age,WOS:000904906000002
63474,NA,NA,https://doi.org/10.1002/ijop.12815,INTERNATIONAL JOURNAL OF PSYCHOLOGY,Refugees in Brazil: An investigation of Syrian refugees' psychological experiences,WOS:000707240100001
45512,NA,NA,https://doi.org/10.1037/ser0000661,PSYCHOLOGICAL SERVICES,Military Chaplains and Mental Health Clinicians: Overlapping Roles and Collaborative Opportunities,WOS:000778677700001
3219,NA,NA,https://doi.org/10.1089/trgh.2022.0040,TRANSGENDER HEALTH,Patient Characteristics Associated with Receiving Gender-Affirming Hormone Therapy in the Veterans Health Administration,WOS:000903913500001
6918,NA,NA,https://doi.org/10.1111/cch.13085,CHILD CARE HEALTH AND DEVELOPMENT,"Translation, cross-cultural adaptation, validity and reliability of the Brazilian Portuguese version of Activity Scale for Kids questionnaire",WOS:000894228200001
48632,NA,NA,https://doi.org/10.1002/aur.2698,AUTISM RESEARCH,Prenatal exposure to pesticide residues in the diet in association with child autism-related traits: Results from the EARLI study,WOS:000765999200001
1814,NA,NA,https://doi.org/10.4473/TPM29.1.7,TPM-TESTING PSYCHOMETRICS METHODOLOGY IN APPLIED PSYCHOLOGY,"PERCEIVED TEACHER SUPPORT, COLLECTIVE EFFICACY IN SCHOOL, AND CONSTRUCTIVE ENGAGEMENT AMONG YOUTH IN A CONFLICT-AFFECTED SOCIETY",WOS:000917641000006
35880,NA,NA,https://doi.org/10.3389/fpsyg.2022.833844,FRONTIERS IN PSYCHOLOGY,Logical Intelligence and Mathematical Competence Are Determined by Physical Fitness in a Sample of School Children,WOS:000802621600001
69783,NA,NA,https://doi.org/10.1007/s10803-021-05039-z,JOURNAL OF AUTISM AND DEVELOPMENTAL DISORDERS,Visual Detection and Decoding Skills of Aerial Photography by Adults with Autism Spectrum Disorder (ASD),WOS:000647027200001
2349,NA,NA,https://doi.org/10.1080/10826084.2022.2161314,SUBSTANCE USE & MISUSE,Use of Emerging and Conventional Oral Tobacco Among Adolescent and Young Adult E-Cigarette Users,WOS:000914300000001
35389,NA,NA,https://doi.org/10.1016/j.trf.2022.04.011,TRANSPORTATION RESEARCH PART F-TRAFFIC PSYCHOLOGY AND BEHAVIOUR,Active vehicle pitch motion for communication in automated driving,WOS:000797737700004
33972,NA,NA,https://doi.org/10.1007/s12144-022-03200-0,CURRENT PSYCHOLOGY,Hierarchical memory representation of verbal and nonverbal features for emotion,WOS:000805496300002
72518,NA,NA,https://doi.org/10.1080/10720537.2021.1878076,JOURNAL OF CONSTRUCTIVIST PSYCHOLOGY,Marking a Quiet Community: Analyzing Narratives of Community Reentry Among Filipino Plea Bargainers,WOS:000615837300001
37913,NA,NA,https://doi.org/10.1002/pits.22731,PSYCHOLOGY IN THE SCHOOLS,Using latent profile analysis to investigate emotional intelligence profiles in a sample of American university students,WOS:000792060800001
5047,NA,NA,https://doi.org/10.3389/fpsyg.2022.874960,FRONTIERS IN PSYCHOLOGY,Appropriating Shakespearean graphic novels for Malaysian classrooms to create correct gender representations,WOS:000900793900001
26386,NA,NA,https://doi.org/10.1007/s12144-022-03374-7,CURRENT PSYCHOLOGY,Families in quarantine for COVID-19 in Italy. Resilience as a buffer of parental distress and problematic children's emotions and behaviors,WOS:000829713500005
49940,NA,NA,https://doi.org/10.1037/rel0000456,PSYCHOLOGY OF RELIGION AND SPIRITUALITY,Exceptional Human Experiences Among Pilgrims on the Camino de Santiago: A Typology of Experiences and Transformative Aftereffects,WOS:000764278500001
73921,NA,NA,https://doi.org/10.1080/10413200.2020.1815100,JOURNAL OF APPLIED SPORT PSYCHOLOGY,"The potential benefits of nonspecific goals in physical activity promotion: Comparing open, do-your-best, and as-well-as-possible goals in a walking task",WOS:000569990200001
60738,NA,NA,https://doi.org/10.1177/02537176211051001,INDIAN JOURNAL OF PSYCHOLOGICAL MEDICINE,"Explanatory Models of Depression in a Rural Community of Coastal Karnataka, India: A Cross-Sectional Survey",WOS:000726095300001
23485,NA,NA,https://doi.org/10.1177/00332941221119414,PSYCHOLOGICAL REPORTS,Race/Ethnicity and Relationship Stereotypes in Child Sex Abuse Cases,WOS:000839871200001
52971,NA,NA,https://doi.org/10.1177/08862605211063200,JOURNAL OF INTERPERSONAL VIOLENCE,"""We've Already Endured the Trauma, Who is Going to Either End that Cycle or Continue to Feed It?"": The Influence of Family and Legal Systems on Native American Women's Intimate Partner Violence Experiences",WOS:000752928100001
52206,NA,NA,https://doi.org/10.1080/00224499.2022.2029808,JOURNAL OF SEX RESEARCH,Attitudes toward Help-Seeking for Sexual Problems among College Women,WOS:000753339200001
30819,NA,NA,https://doi.org/10.1016/j.trf.2022.05.025,TRANSPORTATION RESEARCH PART F-TRAFFIC PSYCHOLOGY AND BEHAVIOUR,Why people fail to bike the talk: Car dependence as a barrier to cycling,WOS:000812945700001
67185,NA,NA,https://doi.org/10.1177/13684302211023562,GROUP PROCESSES & INTERGROUP RELATIONS,"Following the crowd in times of crisis: Descriptive norms predict physical distancing, stockpiling, and prosocial behavior during the COVID-19 pandemic",WOS:000677298800001
70436,NA,NA,https://doi.org/10.1080/01926187.2021.1913667,AMERICAN JOURNAL OF FAMILY THERAPY,Longitudinal Associations of Global and Daily Support with Marital Status,WOS:000642523700001
35664,NA,NA,https://doi.org/10.3389/fpsyg.2022.894478,FRONTIERS IN PSYCHOLOGY,Automated Progress-Monitoring for Literate Language Use in Narrative Assessment (LLUNA),WOS:000804663100001
63137,NA,NA,https://doi.org/10.1177/01461672211052121,PERSONALITY AND SOCIAL PSYCHOLOGY BULLETIN,Were Americans' Political Attitudes Linked to Objective Threats From COVID-19? An Examination of Data From Project Implicit During Initial Months of the Pandemic,WOS:000710374900001
16383,NA,NA,https://doi.org/10.1016/j.beproc.2022.104693,BEHAVIOURAL PROCESSES,Time buffers teasing and lessens tobacco use: The moderating role of time perspective on bullying victimization and tobacco use in adolescents,WOS:000861442200006
22167,NA,NA,https://doi.org/10.3389/fpsyg.2022.919971,FRONTIERS IN PSYCHOLOGY,Examining the moderating role of technostress and compatibility in EFL Learners' mobile learning adoption: A perspective from the theory of planned behaviour,WOS:000844024300001
7475,NA,NA,https://doi.org/10.3389/fpsyg.2022.1015313,FRONTIERS IN PSYCHOLOGY,"""I'm too old for this!"": A prospective, multilevel study of job characteristics, age, and turnover intention",WOS:000893731000001
688,NA,NA,https://doi.org/10.1176/appi.psychotherapy.20220011,AMERICAN JOURNAL OF PSYCHOTHERAPY,Pilot Randomized Controlled Trial of Interpersonal Psychotherapy for Women With Depression in Iran,WOS:000959818100006
53915,NA,NA,https://doi.org/10.1111/1467-9817.12384,JOURNAL OF RESEARCH IN READING,Literacy instruction in first grade: classroom-level associations between reading skills and literacy instruction activities,WOS:000750279000001
62486,NA,NA,https://doi.org/10.1007/s10212-021-00584-8,EUROPEAN JOURNAL OF PSYCHOLOGY OF EDUCATION,Exploring the development of executive functions in children in a digital world,WOS:000714318400001
10949,NA,NA,https://doi.org/10.1177/01461672221130595,PERSONALITY AND SOCIAL PSYCHOLOGY BULLETIN,Is Your Accent Right for the Job? A Meta-Analysis on Accent Bias in Hiring Decisions,WOS:000878807700001
30129,NA,NA,https://doi.org/10.1111/bjep.12529,BRITISH JOURNAL OF EDUCATIONAL PSYCHOLOGY,"Teachers' physiological and self-reported stress, teaching practices and students' learning outcomes in Grade 1",WOS:000819299100001
58080,NA,NA,https://doi.org/10.1080/03004430.2021.2012173,EARLY CHILD DEVELOPMENT AND CARE,Predictor variables of neurodevelopmental characteristics at 2 years among low birth weight and preterm children: a 2-year follow-up study,WOS:000735365900001
960,NA,NA,https://doi.org/10.17759/chp.2022180405,KULTURNO-ISTORICHESKAYA PSIKHOLOGIYA-CULTURAL-HISTORICAL PSYCHOLOGY,Psychological Resources for Coping with Fear of COVID-19 and Negative Psychological Emotional States among Students of Russia and Kazakhstan,WOS:000939342800005
65055,NA,NA,https://doi.org/10.1080/17439760.2021.1975160,JOURNAL OF POSITIVE PSYCHOLOGY,Examining PERMA+4 and work role performance beyond self-report bias: insights from multitrait-multimethod analyses,WOS:000694744500001
66460,NA,NA,https://doi.org/10.1177/00332941211007929,PSYCHOLOGICAL REPORTS,Release or Denial: Evaluating the Roles of Emotion and Risk in Parole Decisions,WOS:000680638000001
8436,NA,NA,https://doi.org/10.3389/fpsyg.2022.1022462,FRONTIERS IN PSYCHOLOGY,A motivational approach to perfectionism and striving for excellence: Development of a new continuum-based scale for post-secondary students,WOS:000889349300001
52687,NA,NA,https://doi.org/10.1080/13854046.2022.2030412,CLINICAL NEUROPSYCHOLOGIST,Outcomes in post-acute sequelae of COVID-19 (PASC) at 6 months post-infection Part 1: Cognitive functioning,WOS:000753034400001
31583,NA,NA,https://doi.org/10.1186/s40359-022-00862-0,BMC PSYCHOLOGY,Examining resilience of individuals living with sickle cell disease in the COVID-19 pandemic,WOS:000813818000002
60390,NA,NA,https://doi.org/10.1080/17521882.2021.2014542,COACHING-AN INTERNATIONAL JOURNAL OF THEORY RESEARCH AND PRACTICE,The future of workplace coaching - an explorative Delphi study,WOS:000729042900001
73044,NA,NA,https://doi.org/10.1177/1029864920966771,MUSICAE SCIENTIAE,The role of personality and self-efficacy in music students' health-promoting behaviours,WOS:000598803500001
45042,NA,NA,https://doi.org/10.1037/sgd0000390,PSYCHOLOGY OF SEXUAL ORIENTATION AND GENDER DIVERSITY,"The Relations Among Outness, Authenticity, and Well-Being for Bisexual Adults",WOS:000776948800011
7779,NA,NA,https://doi.org/10.3389/fpsyg.2022.933476,FRONTIERS IN PSYCHOLOGY,"""When I Think of Black Girls, I Think of Opportunities"": Black Girls' Identity Development and the Protective Role of Parental Socialization in Educational Settings",WOS:000891358000001
30048,NA,NA,https://doi.org/10.1037/pspa0000315,JOURNAL OF PERSONALITY AND SOCIAL PSYCHOLOGY,Mapping the Self: A Network Approach for Understanding Psychological and Neural Representations of Self-Concept Structure,WOS:000819648100001
44795,NA,NA,https://doi.org/10.1177/01650254221084100,INTERNATIONAL JOURNAL OF BEHAVIORAL DEVELOPMENT,Psychosocial factors associated with adolescent depressive and anxiety symptoms during the COVID-19 pandemic,WOS:000777660800001
56882,NA,NA,https://doi.org/10.1002/jclp.23309,JOURNAL OF CLINICAL PSYCHOLOGY,Parents matter: Parent acceptance of school-based executive functions interventions relates to improved child outcomes,WOS:000740345400001
21102,NA,NA,https://doi.org/10.1016/j.bodyim.2022.07.012,BODY IMAGE,Is it safe? Exploring positive and negative outcome changes following a web-based intervention for adolescents distressed by a visible difference (YP Face IT),WOS:000848105800002
55543,NA,NA,https://doi.org/10.1016/j.cognition.2021.104957,COGNITION,Reward at encoding but not retrieval modulates memory for detailed events,WOS:000745680700006
5985,NA,NA,https://doi.org/NA,REVISTA IBEROAMERICANA DE PSICOLOGIA DEL EJERCICIO Y EL DEPORTE,"ADAPTATION OF THE ""STEPS FOR HEALTH"" STRATEGY OF PREVENIMSS FOR PHYSICAL ACTIVATION OF OLDER ADULTS",WOS:000892535500008
2037,NA,NA,https://doi.org/10.1016/j.beproc.2022.104798,BEHAVIOURAL PROCESSES,Matching is acquired faster than mismatching by pigeons when salient stimuli are presented manually,WOS:000916155400001
50735,NA,NA,https://doi.org/10.3389/fpsyg.2022.683842,FRONTIERS IN PSYCHOLOGY,Does Playing Apart Really Bring Us Together? Investigating the Link Between Perceived Loneliness and the Use of Video Games During a Period of Social Distancing,WOS:000761118800001
73406,NA,NA,https://doi.org/10.1111/mila.12316,MIND & LANGUAGE,"Rainbow's end: The structure, character, and content of conscious experience",WOS:000586035200001
27101,NA,NA,https://doi.org/10.1016/j.neuropsychologia.2022.108305,NEUROPSYCHOLOGIA,A case study in phenomenology of visual experience with retinal prosthesis versus visual-to-auditory sensory substitution,WOS:000827445300001
53511,NA,NA,https://doi.org/10.3389/fpsyg.2021.824123,FRONTIERS IN PSYCHOLOGY,"Aggressiveness in Judokas and Team Athletes: Predictive Value of Personality Traits, Emotional Intelligence and Self-Efficacy",WOS:000750662700001
4022,NA,NA,https://doi.org/10.1080/00224499.2022.2156449,JOURNAL OF SEX RESEARCH,An Interpretative Phenomenological Analysis of Black Women's Meaning and Experiences of Sexual Anxiety,WOS:000898935500001
2944,NA,NA,https://doi.org/10.1080/09515089.2022.2151425,PHILOSOPHICAL PSYCHOLOGY,The Coherent Dual Theory of Addictive Desire,WOS:000905387000001
20233,NA,NA,https://doi.org/10.1111/infa.12500,INFANCY,The real-time effects of parent speech on infants' multimodal attention and dyadic coordination,WOS:000850885900001
15471,NA,NA,https://doi.org/10.1080/13554794.2022.2132870,NEUROCASE,A teenager with combined methylmalonic aciduria and homocystinuria (CblC type) presenting with neurological symptoms and congenital heart diseases: a case report,WOS:000866075000001
45207,NA,NA,https://doi.org/10.1177/01466216221084371,APPLIED PSYCHOLOGICAL MEASUREMENT,A Comparison of Robust Likelihood Estimators to Mitigate Bias From Rapid Guessing,WOS:000779346700001
44074,NA,NA,https://doi.org/10.1037/aap0000255,ASIAN AMERICAN JOURNAL OF PSYCHOLOGY,Decolonizing the Interpersonal Theory of Suicide With Filipinx American Clients,WOS:000779479400011
42374,NA,NA,https://doi.org/10.1080/21711976.2022.2036441,PSYECOLOGY-REVISTA BILINGUE DE PSICOLOGIA AMBIENTAL,Assessing the trans-situational consistency of pro-environmental energy-saving behavior (Evaluacion de la consistencia inter-situacional de la conducta proambiental de ahorro energetico),WOS:000785734300001
35470,NA,NA,https://doi.org/10.3390/bs12050150,BEHAVIORAL SCIENCES,Determinants of HIV Testing during Pregnancy among Pregnant Sudanese Women: A Cross-Sectional Study,WOS:000803459300001
18295,NA,NA,https://doi.org/10.1002/jeab.801,JOURNAL OF THE EXPERIMENTAL ANALYSIS OF BEHAVIOR,Nondrug reinforcers contingent on alternative behavior or abstinence increase resistance to extinction and reinstatement of ethanol-maintained behavior,WOS:000857088800001
75636,NA,NA,https://doi.org/10.1080/14681994.2019.1696458,SEXUAL AND RELATIONSHIP THERAPY,"""Practical self-love""-A qualitative interview study on women participating in Self:Cervix: an online sexual mindfulness and sensitivity course",WOS:000499751700001
24189,NA,NA,https://doi.org/10.1891/JCP-2022-0003,JOURNAL OF COGNITIVE PSYCHOTHERAPY,"OCD and Comorbid Depression: Assessment, Conceptualization, and Cognitive Behavioral Treatment",WOS:000836092900002
65960,NA,NA,https://doi.org/10.1007/s10508-021-02126-1,ARCHIVES OF SEXUAL BEHAVIOR,Perceptual Accuracy for Sexual Rejection in Romantic Relationships,WOS:000686488700001
5433,NA,NA,https://doi.org/10.1002/eat.23826,INTERNATIONAL JOURNAL OF EATING DISORDERS,Co-occurrence of nonsuicidal self-injury and eating disorder pathology in adolescents,WOS:000899115600001
58539,NA,NA,https://doi.org/10.1037/neu0000772,NEUROPSYCHOLOGY,Implicit Prototype Learning in Patients With Memory Deficit: Evidence From a Study With Alzheimer's Disease Patients,WOS:000733020900001
48299,NA,NA,https://doi.org/10.1016/j.jrp.2022.104207,JOURNAL OF RESEARCH IN PERSONALITY,An ego effectiveness perspective of successful self-control: An individual difference and its links to social functioning and well-being,WOS:000766093300004
22296,NA,NA,https://doi.org/10.1016/j.obhdp.2022.104167,ORGANIZATIONAL BEHAVIOR AND HUMAN DECISION PROCESSES,Thinking outside the box helps build social connections: The role of creative mindsets in reducing daily rudeness,WOS:000843272300001
39052,NA,NA,https://doi.org/10.3389/fpsyg.2022.850495,FRONTIERS IN PSYCHOLOGY,Visuomanual Vertical Prism Adaptation: Aftereffects on Visuospatial and Auditory Frequency Representations,WOS:000795125600001
61639,NA,NA,https://doi.org/10.1007/s10803-021-05347-4,JOURNAL OF AUTISM AND DEVELOPMENTAL DISORDERS,Veritable Untruths: Autistic Traits and the Processing of Deception,WOS:000720186300002
51337,NA,NA,https://doi.org/10.1002/jts.22809,JOURNAL OF TRAUMATIC STRESS,Associations between changes in somatic and psychiatric symptoms and disability alterations in recent-era US veterans,WOS:000758052700001
28449,NA,NA,https://doi.org/10.1016/j.chb.2022.107262,COMPUTERS IN HUMAN BEHAVIOR,Beneath the surface: clinical and psychosocial correlates of posting nonsuicidal self-injury content online among female young adults,WOS:000821037200005
62060,NA,NA,https://doi.org/10.1002/acp.3893,APPLIED COGNITIVE PSYCHOLOGY,"The NICHD interview protocol used by Dutch child protection workers: Effects on interview style, children's reported information and susceptibility to suggestion",WOS:000716847500001
44243,NA,NA,https://doi.org/10.1007/s11199-022-01283-4,SEX ROLES,"Impulsivity, Binegativity, Drinking to Cope, and Alcohol-related Behaviors: A Moderated Mediation Model Among Bisexual Women",WOS:000782365700001
16552,NA,NA,https://doi.org/10.1007/s10826-022-02452-5,JOURNAL OF CHILD AND FAMILY STUDIES,The Relationship between Neighborhood Safety and Adolescent Substance Use: The Role of Self-Esteem and Social Support,WOS:000862759500001
57665,NA,NA,https://doi.org/10.1016/j.paid.2021.111402,PERSONALITY AND INDIVIDUAL DIFFERENCES,The interplay of the Dark Triad and social media use motives to social media disorder,WOS:000736575800011
21345,NA,NA,https://doi.org/10.1111/apps.12423,APPLIED PSYCHOLOGY-AN INTERNATIONAL REVIEW-PSYCHOLOGIE APPLIQUEE-REVUE INTERNATIONALE,Supervisors' interpersonal styles: An integrative perspective and a measure based on self-determination theory,WOS:000846814800001
19502,NA,NA,https://doi.org/10.3758/s13428-022-01959-5,BEHAVIOR RESEARCH METHODS,"Prevalence norms for 40,777 Catalan words: An online megastudy of vocabulary size",WOS:000852109400006
69792,NA,NA,https://doi.org/10.1007/s00426-021-01529-y,PSYCHOLOGICAL RESEARCH-PSYCHOLOGISCHE FORSCHUNG,Biliteracy and acquisition of novel written words: the impact of phonological conflict between L1 and L2 scripts,WOS:000651788300001
55265,NA,NA,https://doi.org/10.1027/1864-1105/a000298,JOURNAL OF MEDIA PSYCHOLOGY-THEORIES METHODS AND APPLICATIONS,Exaggerated and Questioning Clickbait Headlines and Their Influence on Media Learning,WOS:000745119700004
