DOI,journal_name,title,article_id,wos_id
https://doi.org/10.1016/j.learninstruc.2022.101597,LEARNING AND INSTRUCTION,Data-based differentiated instruction: The impact of standardized assessment and aligned teaching material on students? reading comprehension,35111,WOS:000803843300003
https://doi.org/10.1111/jcpp.13570,JOURNAL OF CHILD PSYCHOLOGY AND PSYCHIATRY,Destigmatizing perceptions about Black adolescent depression: randomized controlled trial of brief social contact-based video interventions,55632,WOS:000745630500001
https://doi.org/10.1037/pspi0000264,JOURNAL OF PERSONALITY AND SOCIAL PSYCHOLOGY,Who Sees Which Political Falsehoods as More Acceptable and Why: A New Look at In-Group Loyalty and Trustworthiness,32399,WOS:000811239500001
https://doi.org/10.1111/bjhp.12532,BRITISH JOURNAL OF HEALTH PSYCHOLOGY,Psychological functioning and well-being before and after bariatric surgery; what is the benefit of being self-compassionate?,70072,WOS:000649585100001
https://doi.org/10.1177/09567976221122765,PSYCHOLOGICAL SCIENCE,Neural and Cognitive Signatures of Guilt Predict Hypocritical Blame,15849,WOS:000864880000001
https://doi.org/10.1016/j.learninstruc.2022.101595,LEARNING AND INSTRUCTION,Task ambiguity and academic procrastination: An experience sampling approach,17442,WOS:000861066500002
https://doi.org/10.1177/17456916221133826,PERSPECTIVES ON PSYCHOLOGICAL SCIENCE,The WEIRD Microcosm of Microaggression Research: Toward a Cultural-Psychological Approach,9641,WOS:000885354200001
https://doi.org/10.1080/00461520.2022.2089989,EDUCATIONAL PSYCHOLOGIST,Building bridges to advance the community of inquiry framework for online learning,28401,WOS:000824666200001
https://doi.org/10.1007/s11469-021-00548-5,INTERNATIONAL JOURNAL OF MENTAL HEALTH AND ADDICTION,Moderating Influence of Predictive Control on the Near-Miss Effect-Gambling Intention Association in Nigerian Polytechnic Students,69724,WOS:000654093700001
https://doi.org/10.1017/S003329172100043X,PSYCHOLOGICAL MEDICINE,Comparison of social cognition using an adapted Chinese version of the Reading the Mind in the Eyes Test in drug-naive and regularly medicated individuals with chronic schizophrenia and healthy controls in rural China,71792,WOS:000785786500001
https://doi.org/10.1159/000521348,PSYCHOTHERAPY AND PSYCHOSOMATICS,Anxiolytic Effects of Chronic Intranasal Oxytocin on Neural Responses to Threat Are Dose-Frequency Dependent,53589,WOS:000750619900001
https://doi.org/10.1002/hrm.22158,HUMAN RESOURCE MANAGEMENT,The HR ecosystem: Emerging trends and a future research agenda,5173,WOS:000900830200001
https://doi.org/10.1007/s11469-020-00279-z,INTERNATIONAL JOURNAL OF MENTAL HEALTH AND ADDICTION,Psychometric Validation of the Internet Disorder Scale-Short Form in an Italian Adult Sample,75234,WOS:000529878800002
https://doi.org/10.1002/job.2589,JOURNAL OF ORGANIZATIONAL BEHAVIOR,From lone wolves to members of the pack: Exploring interpersonal identity work within identity workspaces,57687,WOS:000735218900001
https://doi.org/10.1007/s10567-022-00379-3,CLINICAL CHILD AND FAMILY PSYCHOLOGY REVIEW,The Divorce Process and Child Adaptation Trajectory Typology (DPCATT) Model: The Shaping Role of Predivorce and Postdivorce Interparental Conflict,54109,WOS:000749406100001
https://doi.org/10.1037/apl0001038,JOURNAL OF APPLIED PSYCHOLOGY,Perceived Misalignment of Professional Prototypes Reduces Subordinates' Endorsement of Sexist Supervisors,26145,WOS:000830741200001
https://doi.org/10.1016/j.jadohealth.2022.05.019,JOURNAL OF ADOLESCENT HEALTH,"Youth-Reported School Connection and Experiences of a Middle School-Based Screening, Brief Intervention, and Referral to Treatment Initiative: Preliminary Results From a Program Evaluation",12885,WOS:000873233000009
https://doi.org/10.1177/09637214211053637,CURRENT DIRECTIONS IN PSYCHOLOGICAL SCIENCE,Do Social Networking Sites Influence Well-Being? The Extended Active-Passive Model,60801,WOS:000726490300001
https://doi.org/10.1017/S0033291721000817,PSYCHOLOGICAL MEDICINE,"Effects of tDCS during inhibitory control training on performance and PTSD, aggression and anxiety symptoms: a randomized-controlled trial in a military sample",71587,WOS:000787510100001
https://doi.org/10.1016/j.leaqua.2020.101459,LEADERSHIP QUARTERLY,Managerial commitment to the status quo and corporate divestiture: Can power motivate openness to change?,12992,WOS:000873381300006
https://doi.org/10.1016/j.jaac.2022.03.031,JOURNAL OF THE AMERICAN ACADEMY OF CHILD AND ADOLESCENT PSYCHIATRY,Antiracism Work in Schools: Using Dialectical Behavior Therapy Skills to Empower South Texas Educators,14308,WOS:000870028200005
https://doi.org/10.1007/s00787-022-02047-x,EUROPEAN CHILD & ADOLESCENT PSYCHIATRY,Maternal pre-pregnancy BMI and offspring hyperactivity-inattention trajectories from 3 to 8 years in the EDEN birth cohort study,27547,WOS:000826844800001
https://doi.org/10.1016/j.learninstruc.2021.101500,LEARNING AND INSTRUCTION,"It's more about a lesson than a domain: Lesson-specific autonomy support, motivation, and engagement in math and a second language",60894,WOS:000725569800014
https://doi.org/10.1007/s11469-020-00421-x,INTERNATIONAL JOURNAL OF MENTAL HEALTH AND ADDICTION,"Personality, Cognition, and Adaptability to the COVID-19 Pandemic: Associations with Loneliness, Distress, and Positive and Negative Mood States",73247,WOS:000590498800001
https://doi.org/10.1016/j.jaac.2021.02.024,JOURNAL OF THE AMERICAN ACADEMY OF CHILD AND ADOLESCENT PSYCHIATRY,An Individual Participant Data Meta-analysis: Behavioral Treatments for Children and Adolescents With Attention-Deficit/Hyperactivity Disorder,54640,WOS:000747812300012
https://doi.org/10.1016/j.chb.2022.107493,COMPUTERS IN HUMAN BEHAVIOR,Understanding the state of criminological scholarship on cybercrimes,12502,WOS:000876428000005
https://doi.org/10.1037/pspa0000285,JOURNAL OF PERSONALITY AND SOCIAL PSYCHOLOGY,"""I"" Am More Concrete Than ""We"": Linguistic Abstraction and First-Person Pronoun Usage",54005,WOS:000749769000001
https://doi.org/10.1007/s00787-022-02133-0,EUROPEAN CHILD & ADOLESCENT PSYCHIATRY,Cortical thickness abnormalities in autism spectrum disorder,3836,WOS:000901839100002
https://doi.org/10.1017/S0033291721000672,PSYCHOLOGICAL MEDICINE,Self-reported and mother-rated personality traits at age 16 are associated with cognitive function measured concurrently and 30 years later,71924,WOS:000785728500001
https://doi.org/10.1017/S0033291720004948,PSYCHOLOGICAL MEDICINE,Device-measured sedentary behaviour and anxiety symptoms during adolescence: a 6-year prospective cohort study,7100,WOS:000888833700012
https://doi.org/10.1007/s00787-021-01727-4,EUROPEAN CHILD & ADOLESCENT PSYCHIATRY,Schizophrenia polygenic risk is associated with child mental health problems through early childhood adversity: evidence for a gene-environment correlation,71777,WOS:000622258700001
https://doi.org/10.1017/S0033291720003529,PSYCHOLOGICAL MEDICINE,Shared intrinsic functional connectivity alterations as a familial risk marker for ADHD: a resting-state functional magnetic resonance imaging study with sibling design,28105,WOS:000823927100015
https://doi.org/10.1007/s00787-022-02123-2,EUROPEAN CHILD & ADOLESCENT PSYCHIATRY,Electroconvulsive therapy in children and adolescents: results from a population-based study utilising the Swedish National Quality Register,4336,WOS:000898703700001
https://doi.org/10.1037/met0000330,PSYCHOLOGICAL METHODS,Summary-Statistics-Based Power Analysis: A New and Practical Method to Determine Sample Size for Mixed-Effects Modeling,54434,WOS:000747998800001
https://doi.org/10.1177/10888683221095697,PERSONALITY AND SOCIAL PSYCHOLOGY REVIEW,Social Movements as Parsimonious Explanations for Implicit and Explicit Attitude Change,33756,WOS:000808098000001
https://doi.org/10.1017/S0033291721005080,PSYCHOLOGICAL MEDICINE,Understanding the effects of neighborhood disadvantage on youth psychopathology,51165,WOS:000756115400001
https://doi.org/10.1007/s00787-021-01738-1,EUROPEAN CHILD & ADOLESCENT PSYCHIATRY,Reported autism diagnosis is associated with psychotic-like symptoms in the Adolescent Brain Cognitive Development cohort,71729,WOS:000623711400002
https://doi.org/10.1002/job.2669,JOURNAL OF ORGANIZATIONAL BEHAVIOR,Karasek's activation hypothesis: A longitudinal test of within-person relationships,12171,WOS:000875402300001
https://doi.org/10.1002/da.23287,DEPRESSION AND ANXIETY,Psychiatric morbidity among men using anabolic steroids,13966,WOS:000871324100001
https://doi.org/10.1111/apps.12308,APPLIED PSYCHOLOGY-AN INTERNATIONAL REVIEW-PSYCHOLOGIE APPLIQUEE-REVUE INTERNATIONALE,"Antecedents of employee thriving at work: The roles of formalization, ethical leadership, and interpersonal justice",72126,WOS:000620216200001
https://doi.org/10.1177/09567976221098594,PSYCHOLOGICAL SCIENCE,Belief in the Utility of Cross-Partisan Empathy Reduces Partisan Animosity and Facilitates Political Persuasion,20987,WOS:000847832300001
https://doi.org/10.1002/job.2649,JOURNAL OF ORGANIZATIONAL BEHAVIOR,Start with why: The transfer of work meaningfulness from leaders to followers and the role of dyadic tenure,30848,WOS:000816978900001
https://doi.org/10.1016/j.cedpsych.2022.102080,CONTEMPORARY EDUCATIONAL PSYCHOLOGY,Does the emotional stance of human and virtual instructors in instructional videos affect learning processes and outcomes?,34647,WOS:000806793200001
https://doi.org/10.1037/apl0000557,JOURNAL OF APPLIED PSYCHOLOGY,"A Meta-Analysis of Leadership and Workplace Safety: Examining Relative Importance, Contextual Contingencies, and Methodological Moderators",47306,WOS:000769674900001
https://doi.org/10.1037/tra0001244,PSYCHOLOGICAL TRAUMA-THEORY RESEARCH PRACTICE AND POLICY,Impacts of the COVID-19 Pandemic on Rural Survivors of Intimate Partner Violence,41470,WOS:000787978000001
https://doi.org/10.1016/j.learninstruc.2022.101667,LEARNING AND INSTRUCTION,Impact of programming on primary mathematics learning,10727,WOS:000874919700009
https://doi.org/10.1002/job.2666,JOURNAL OF ORGANIZATIONAL BEHAVIOR,The interplay of career involvement and goal conflicts: An eight-wave study with STEM professionals,13251,WOS:000873825900001
https://doi.org/10.1037/amp0001002,AMERICAN PSYCHOLOGIST,Sharing Is Caring: Ethical Implications of Transparent Research in Psychology,45793,WOS:000778863900001
https://doi.org/10.1089/aut.2021.0082,AUTISM IN ADULTHOOD,Intersectional Stigma for Autistic People at Work: A Compound Adverse Impact Effect on Labor Force Participation and Experiences of Belonging,9484,WOS:000885659300001
https://doi.org/10.1037/pspp0000341,JOURNAL OF PERSONALITY AND SOCIAL PSYCHOLOGY,Clarifying the Structure and Nature of Left-Wing Authoritarianism,58336,WOS:000733079100001
https://doi.org/10.1037/tra0001161,PSYCHOLOGICAL TRAUMA-THEORY RESEARCH PRACTICE AND POLICY,"The Role of Resilience and Gender: Understanding the Relationship Between Risk for Traumatic Stress, Resilience, and Academic Outcomes Among Minoritized Youth",57255,WOS:000739053600001
https://doi.org/10.1111/apps.12429,APPLIED PSYCHOLOGY-AN INTERNATIONAL REVIEW-PSYCHOLOGIE APPLIQUEE-REVUE INTERNATIONALE,Can curiosity spark the fire of innovation? An investigation in China,19272,WOS:000853716300001
https://doi.org/10.1007/s10648-021-09629-2,EDUCATIONAL PSYCHOLOGY REVIEW,The State of Current Reading Intervention Research for English Learners in Grades K-2: a Best-Evidence Synthesis,67688,WOS:000671639100001
https://doi.org/10.1037/apl0000877,JOURNAL OF APPLIED PSYCHOLOGY,"Silence is Golden: Extended Silence, Deliberative Mindset, and Value Creation in Negotiation",59239,WOS:000733080600001
https://doi.org/10.1111/apps.12394,APPLIED PSYCHOLOGY-AN INTERNATIONAL REVIEW-PSYCHOLOGIE APPLIQUEE-REVUE INTERNATIONALE,"Bad, mad, or glad? Exploring the relationship between leaders' appraisals or attributions of their use of abusive supervision and emotional reactions",38116,WOS:000796374200001
https://doi.org/10.1037/tra0000524,PSYCHOLOGICAL TRAUMA-THEORY RESEARCH PRACTICE AND POLICY,Exploring the Buffering Role of Social Capital in the Development of Posttraumatic Stress Symptoms Among Iranian Earthquake Survivors,14544,WOS:000847855900022
https://doi.org/10.1002/mar.21614,PSYCHOLOGY & MARKETING,To protect and support: Why would consumers find foods tastier if these foods help support a desired self-identity,61246,WOS:000721767200001
https://doi.org/10.1016/j.chb.2022.107399,COMPUTERS IN HUMAN BEHAVIOR,Can smartphone presence affect cognitive function? The moderating role of fear of missing out,7578,WOS:000888461700005
https://doi.org/10.1016/j.cedpsych.2022.102140,CONTEMPORARY EDUCATIONAL PSYCHOLOGY,Effect of parents? mathematics anxiety and home numeracy activities on young children?s math performance-anxiety relationship,727,WOS:000897620900002
https://doi.org/10.1007/s11469-022-00985-w,INTERNATIONAL JOURNAL OF MENTAL HEALTH AND ADDICTION,Impact of Alternative Ways to Operationalize Buprenorphine Treatment Duration on Understanding Continuity of Care for Opioid Use Disorder,5628,WOS:000899876800001
https://doi.org/10.1016/j.chb.2022.107637,COMPUTERS IN HUMAN BEHAVIOR,Do lonely people seek robot companionship? A comparative examination of the Loneliness-Robot anthropomorphism link in the United States and China,1710,WOS:000921119000001
https://doi.org/10.1007/s11469-021-00520-3,INTERNATIONAL JOURNAL OF MENTAL HEALTH AND ADDICTION,Self-control or Flourishing? A Thematic Analysis of Experiences of Alcohol Users of the Rediscovery Process,71180,WOS:000626391300003
https://doi.org/10.1037/tra0001315,PSYCHOLOGICAL TRAUMA-THEORY RESEARCH PRACTICE AND POLICY,Childhood Maltreatment and Somatic Symptoms: Examining the Role of Specific Types of Childhood Maltreatment and Alexithymia,29165,WOS:000822076200001
https://doi.org/10.1007/s11469-022-00915-w,INTERNATIONAL JOURNAL OF MENTAL HEALTH AND ADDICTION,Post-treatment Outcomes and Changes in Health Literacy of People Discharged from Specialist Substance Use Disorder Treatment Services,18668,WOS:000855795700001
https://doi.org/10.1016/j.janxdis.2022.102600,JOURNAL OF ANXIETY DISORDERS,The scarring impact of status loss in social anxiety: An evolutionary perspective,23081,WOS:000838376800005
https://doi.org/10.1016/j.chb.2021.107086,COMPUTERS IN HUMAN BEHAVIOR,"A network analysis approach to the relationship between fear of missing out (FoMO), smartphone addiction, and social networking site use among a sample of Chinese university students",56710,WOS:000740278900012
https://doi.org/10.1007/s00787-020-01687-1,EUROPEAN CHILD & ADOLESCENT PSYCHIATRY,Adverse childhood experiences and traumatic brain injury among adolescents: findings from the 2016-2018 National Survey of Children's Health,72947,WOS:000604065300001
https://doi.org/10.1111/jcpp.13594,JOURNAL OF CHILD PSYCHOLOGY AND PSYCHIATRY,Does rapid rebound height growth come at a neurocognitive cost for previously institutionalized youth?,49676,WOS:000765148000001
https://doi.org/10.1177/17456916211055369,PERSPECTIVES ON PSYCHOLOGICAL SCIENCE,Toward a New Science of Psychedelic Social Psychology: The Effects of MDMA (Ecstasy) on Social Connection,37476,WOS:000797856300001
https://doi.org/10.1016/j.jvb.2022.103783,JOURNAL OF VOCATIONAL BEHAVIOR,A self-regulatory model of how future work selves change during job search and the school-to-work transition,299,WOS:000996036000005
https://doi.org/10.1007/s00787-021-01744-3,EUROPEAN CHILD & ADOLESCENT PSYCHIATRY,"Mostly worse, occasionally better: impact of COVID-19 pandemic on the mental health of Canadian children and adolescents",72182,WOS:000622258700002
https://doi.org/10.1037/amp0000897,AMERICAN PSYCHOLOGIST,Moving Human Rights to the Forefront of Psychology: Summary of the Final Report of the APA Task Force on Human Rights,52096,WOS:000753121800001
https://doi.org/10.1007/s00787-022-01979-8,EUROPEAN CHILD & ADOLESCENT PSYCHIATRY,The lived experience of gender dysphoria in autistic young people: a phenomenological study with young people and their parents,45815,WOS:000778089600001
https://doi.org/10.1007/s11469-021-00496-0,INTERNATIONAL JOURNAL OF MENTAL HEALTH AND ADDICTION,Indigenous Grassroots and Family-Run Land-Based Healing in Northern Ontario,71994,WOS:000618571500001
https://doi.org/10.1007/s00787-022-02096-2,EUROPEAN CHILD & ADOLESCENT PSYCHIATRY,Reciprocal associations between affective decision-making and mental health in adolescence,14084,WOS:000869363500001
https://doi.org/10.1016/j.chb.2022.107561,COMPUTERS IN HUMAN BEHAVIOR,A triangulation study of young Women's motivations for sending nudes to men,1412,WOS:000911284400004
https://doi.org/10.1016/j.cedpsych.2022.102113,CONTEMPORARY EDUCATIONAL PSYCHOLOGY,"Examining the relationship between student attributional style, perceived teacher fairness, and sense of school belonging",12908,WOS:000874541200001
https://doi.org/10.1037/pspa0000298,JOURNAL OF PERSONALITY AND SOCIAL PSYCHOLOGY,Mindfulness Meditation Reduces Guilt and Prosocial Reparation,58933,WOS:000733354800001
https://doi.org/10.1016/j.jenvp.2022.101826,JOURNAL OF ENVIRONMENTAL PSYCHOLOGY,Satisfaction with activity-support and physical home-workspace characteristics in relation to mental health during the COVID-19 pandemic,32060,WOS:000811498500002
https://doi.org/10.1016/j.jadohealth.2022.08.026,JOURNAL OF ADOLESCENT HEALTH,Ambivalence and Stigma Beliefs About Medication Treatment Among Young Adults With Opioid Use Disorder: A Qualitative Exploration of Young Adults? Perspectives,1920,WOS:000912259100018
https://doi.org/10.1007/s11469-020-00376-z,INTERNATIONAL JOURNAL OF MENTAL HEALTH AND ADDICTION,Virtual 'Experiential Expert' Communities of Practice in Sharing Evidence-Based Prevention of Novel Psychoactive Substance (NPS) Use: the Portuguese Experience,74519,WOS:000550626700001
https://doi.org/10.1016/j.jaac.2022.04.012,JOURNAL OF THE AMERICAN ACADEMY OF CHILD AND ADOLESCENT PSYCHIATRY,Development of Proactive Control and Anxiety Among Behaviorally Inhibited Adolescents,1705,WOS:000906927800012
https://doi.org/10.1177/1745691621990379,PERSPECTIVES ON PSYCHOLOGICAL SCIENCE,Measuring the Frequency of Inner-Experience Characteristics,66983,WOS:000675687700001
https://doi.org/10.1016/j.jenvp.2022.101827,JOURNAL OF ENVIRONMENTAL PSYCHOLOGY,Investigating the relationship between spatial and social cognitive maps in humans,32070,WOS:000811498500003
https://doi.org/10.1155/2022/6813033,HUMAN BEHAVIOR AND EMERGING TECHNOLOGIES,Online Engagement during COVID-19: Comparing a Course Previously Delivered Traditionally with Emergency Online Delivery,33722,WOS:000807593400001
https://doi.org/10.1017/S1041610220003403,INTERNATIONAL PSYCHOGERIATRICS,Frailty in geriatric psychiatry inpatients: a retrospective cohort study,1509,WOS:000914922200008
https://doi.org/10.1007/s11469-021-00560-9,INTERNATIONAL JOURNAL OF MENTAL HEALTH AND ADDICTION,Negotiating Multiple Stigmas: Substance Use in the Lives of Women Experiencing Homelessness,68583,WOS:000659815900002
https://doi.org/10.1016/j.cedpsych.2022.102059,CONTEMPORARY EDUCATIONAL PSYCHOLOGY,"Can I teach this student?: A multilevel analysis of the links between teachers' perceived effectiveness, interest-supportive teaching, and student interest in math and reading",31890,WOS:000782775700002
https://doi.org/10.1016/j.learninstruc.2021.101519,LEARNING AND INSTRUCTION,Should teachers be accurate or (overly) positive? A competitive test of teacher judgment effects on students' reading progress*,61980,WOS:000725569800007
https://doi.org/10.1017/S0033291720004201,PSYCHOLOGICAL MEDICINE,Context-specific abnormalities of the central executive network in first-episode psychosis: relationship with cognition,18213,WOS:000857186700013
https://doi.org/10.1177/17456916211049362,PERSPECTIVES ON PSYCHOLOGICAL SCIENCE,A Community-Embedded Implementation Model for Mental-Health Interventions: Reaching the Hardest to Reach,39443,WOS:000789393000001
https://doi.org/10.1017/S0033291722001003,PSYCHOLOGICAL MEDICINE,"Improving the prospective prediction of a near-term suicide attempt in veterans at risk for suicide, using a go/no-go task",25799,WOS:000832480600001
https://doi.org/10.1177/17456916221134490,PERSPECTIVES ON PSYCHOLOGICAL SCIENCE,A Call to Action on Assessing and Mitigating Bias in Artificial Intelligence Applications for Mental Health,6273,WOS:000896895900001
https://doi.org/10.1111/apps.12370,APPLIED PSYCHOLOGY-AN INTERNATIONAL REVIEW-PSYCHOLOGIE APPLIQUEE-REVUE INTERNATIONALE,How materialism shapes the effectiveness of financial literacy messages: A cross-cultural perspective,55978,WOS:000743651400001
https://doi.org/10.1177/01492063211016029,JOURNAL OF MANAGEMENT,CEOs' Regulatory Focus and Risk-Taking When Firms Perform Below and Above the Bar,69490,WOS:000654566600001
https://doi.org/10.1016/j.jenvp.2021.101725,JOURNAL OF ENVIRONMENTAL PSYCHOLOGY,Testing the Biophilia theory: Automatic approach tendencies towards nature,60643,WOS:000727738400006
https://doi.org/10.1038/s41562-022-01450-3,NATURE HUMAN BEHAVIOUR,Life expectancy changes since COVID-19,13510,WOS:000869332900002
https://doi.org/10.1177/09567976221097497,PSYCHOLOGICAL SCIENCE,Mugs and Plants: Object Semantic Knowledge Alters Perceptual Processing With Behavioral Ramifications,20936,WOS:000848339000001
https://doi.org/10.1111/apps.12319,APPLIED PSYCHOLOGY-AN INTERNATIONAL REVIEW-PSYCHOLOGIE APPLIQUEE-REVUE INTERNATIONALE,Does perceived overqualification cultivate angels or demons? Examining its interpersonal outcomes through pride from an evolutionary psychology perspective,69954,WOS:000651445700001
https://doi.org/10.1016/j.learninstruc.2021.101564,LEARNING AND INSTRUCTION,When students show some initiative: Two experiments on the benefits of greater agentic engagement,26426,WOS:000829576600011
https://doi.org/10.1037/pspa0000292,JOURNAL OF PERSONALITY AND SOCIAL PSYCHOLOGY,A Social Network Perspective on the Bamboo Ceiling: Ethnic Homophily Explains Why East Asians but Not South Asians Are Underrepresented in Leadership in Multiethnic Environments,58833,WOS:000733194700001
https://doi.org/10.1016/j.jadohealth.2021.08.001,JOURNAL OF ADOLESCENT HEALTH,The Efficacy of a Multi-Theory-Based Peer-Led Intervention on Oral Health Among Hong Kong Adolescents: A Cluster- Randomized Controlled Trial,40439,WOS:000789211700014
https://doi.org/10.1037/apl0000936,JOURNAL OF APPLIED PSYCHOLOGY,"Gender, Bottom-Line Mentality, and Workplace Mistreatment: The Roles of Gender Norm Violation and Team Gender Composition",59385,WOS:000733079700001
https://doi.org/10.1177/01492063221094261,JOURNAL OF MANAGEMENT,Within-Firm Variation in the Liability of Foreignness: A Demand-Based Perspective,38818,WOS:000796234900001
https://doi.org/10.1177/09567976221094630,PSYCHOLOGICAL SCIENCE,No Evidence That Siblings' Gender Affects Personality Across Nine Countries,21655,WOS:000845016600001
https://doi.org/10.1016/j.chb.2021.107040,COMPUTERS IN HUMAN BEHAVIOR,Making friends on Facebook: Common group membership as a central decision rule*,62726,WOS:000710661000002
https://doi.org/10.1016/j.jenvp.2022.101842,JOURNAL OF ENVIRONMENTAL PSYCHOLOGY,They can and will: Preschoolers encourage pro-environmental behavior with rewards and punishments,26045,WOS:000829689200004
https://doi.org/10.1016/j.jenvp.2022.101807,JOURNAL OF ENVIRONMENTAL PSYCHOLOGY,Empirical characterisation of agents' spatial behaviour in pedestrian movement simulation,17707,WOS:000861164500001
https://doi.org/10.1017/S0033291720002251,PSYCHOLOGICAL MEDICINE,"Online psychological interventions to reduce symptoms of depression, anxiety, and general distress in those with chronic health conditions: a systematic review and meta-analysis of randomized controlled trials",48798,WOS:000760333800016
https://doi.org/10.1007/s11469-019-00136-8,INTERNATIONAL JOURNAL OF MENTAL HEALTH AND ADDICTION,"The Physical, Emotional, and Identity User-Avatar Association with Disordered Gaming: A Pilot Study",75660,WOS:000493362200001
https://doi.org/10.5093/ejpalc2022a1,EUROPEAN JOURNAL OF PSYCHOLOGY APPLIED TO LEGAL CONTEXT,Assessing Independent Life Skills of Youth in Child Protection: A MultiInformant Approach,56383,WOS:000742166100001
https://doi.org/10.1037/apl0000599,JOURNAL OF APPLIED PSYCHOLOGY,Cannabis Use Does Not Increase Actual Creativity but Biases Evaluations of Creativity,26152,WOS:000830738900001
https://doi.org/10.1017/S0033291720004432,PSYCHOLOGICAL MEDICINE,Longitudinal changes in mental health and the COVID-19 pandemic: evidence from the UK Household Longitudinal Study,10361,WOS:000880310400018
https://doi.org/10.1016/j.chb.2021.107027,COMPUTERS IN HUMAN BEHAVIOR,Predicting continuance intention to fintech chatbot,49673,WOS:000759711900002
https://doi.org/10.1111/bjhp.12582,BRITISH JOURNAL OF HEALTH PSYCHOLOGY,The importance of prototype similarity for physical activity: Cross-sectional and longitudinal associations in a large sample of young adolescents,53708,WOS:000750917300001
https://doi.org/10.1177/01492063221086247,JOURNAL OF MANAGEMENT,Orchestrating Knowledge Networks: Alter-Oriented Brokering,45601,WOS:000777542200001
https://doi.org/10.1016/j.learninstruc.2021.101524,LEARNING AND INSTRUCTION,Concreteness fading in learning secondary school physics concepts,60899,WOS:000725569800015
https://doi.org/10.1155/2022/6153053,HUMAN BEHAVIOR AND EMERGING TECHNOLOGIES,"Phoning It in: Social Anxiety, Intolerance of Uncertainty, and Anxiety Reduction Motivations Predict Phone Use in Social Situations",31374,WOS:000813496100001
https://doi.org/10.1016/j.jadohealth.2021.08.022,JOURNAL OF ADOLESCENT HEALTH,"Investigating Incidence, Correlates, and Consequences of Child Marriage Among Syrian Refugees Residing in the South of Lebanon: A Cross-Sectional Study",49195,WOS:000760321100013
https://doi.org/10.1177/1745691621994241,PERSPECTIVES ON PSYCHOLOGICAL SCIENCE,"Interpersonal Chemistry: What Is It, How Does It Emerge, and How Does It Operate?",65688,WOS:000689041300001
https://doi.org/10.1037/met0000292,PSYCHOLOGICAL METHODS,Prior Sensitivity of Null Hypothesis Bayesian Testing,58713,WOS:000733189700001
https://doi.org/10.1007/s11469-021-00719-4,INTERNATIONAL JOURNAL OF MENTAL HEALTH AND ADDICTION,Smoking Behavior and Driver's Involvement in Road Traffic Accidents in Bangladesh,54655,WOS:000748678500002
https://doi.org/10.1016/j.jvb.2022.103739,JOURNAL OF VOCATIONAL BEHAVIOR,Precarious work and workplace dignity during COVID-19: A longitudinal study,33382,WOS:000808464100002
https://doi.org/10.1007/s00787-022-02006-6,EUROPEAN CHILD & ADOLESCENT PSYCHIATRY,Children and adolescents' emotional problems during the COVID-19 pandemic in Brazil,34759,WOS:000805462100001
https://doi.org/10.1037/amp0000983,AMERICAN PSYCHOLOGIST,Engagement in Digital Interventions,47482,WOS:000769670600001
https://doi.org/10.1159/000527115,PSYCHOTHERAPY AND PSYCHOSOMATICS,Operational Definitions of Treatment Response and Remission in Obsessive-Compulsive Disorder Capture Meaningful Improvements in Everyday Life,10884,WOS:000879883400001
https://doi.org/10.1016/j.chb.2021.106995,COMPUTERS IN HUMAN BEHAVIOR,Watching the world from my screen: A longitudinal evaluation of the influence of a problematic use of the internet on depressive symptomatology,63747,WOS:000704366200004
https://doi.org/10.1111/jcpp.13629,JOURNAL OF CHILD PSYCHOLOGY AND PSYCHIATRY,"Warmth and reciprocity with mothers, and young children's resilience to exposure to community violence in Colombia: findings from the La Sabana Parent-Child Study",39655,WOS:000792314400001
https://doi.org/10.1037/tra0000541,PSYCHOLOGICAL TRAUMA-THEORY RESEARCH PRACTICE AND POLICY,The Impact of Received Social Support on Posttraumatic Growth After Disaster: The Importance of Both Support Quantity and Quality,17422,WOS:000857963000009
https://doi.org/10.1111/bjhp.12596,BRITISH JOURNAL OF HEALTH PSYCHOLOGY,Living with type 1 diabetes mellitus in emerging adulthood: A qualitative study,38148,WOS:000797387700001
https://doi.org/10.1037/pspi0000347,JOURNAL OF PERSONALITY AND SOCIAL PSYCHOLOGY,Spontaneous Interpersonal Complementarity in the Lab: A Multilevel Approach to Modeling the Antecedents and Consequences of People's Interpersonal Behaviors and Their Dynamic Interplay,58654,WOS:000733134600001
https://doi.org/10.1007/s00787-022-02110-7,EUROPEAN CHILD & ADOLESCENT PSYCHIATRY,Variation in attitudes toward diagnosis and medication of ADHD: a survey among clinicians in the Norwegian child and adolescent mental health services,9116,WOS:000885209000001
https://doi.org/10.1017/S0033291722001180,PSYCHOLOGICAL MEDICINE,Multiple serum biomarkers for predicting suicidal behaviours in depressive patients receiving pharmacotherapy,38076,WOS:000796272800001
https://doi.org/10.1016/j.cedpsych.2021.102037,CONTEMPORARY EDUCATIONAL PSYCHOLOGY,"The generalized internal/external frame of reference model with academic self-concepts, interests, and anxieties in students from different language backgrounds",38214,WOS:000793138700002
https://doi.org/10.1037/pspa0000328,JOURNAL OF PERSONALITY AND SOCIAL PSYCHOLOGY,The Impact of Social Identity Conflict on Planning Horizons,7916,WOS:000890817600001
https://doi.org/10.1016/j.chb.2022.107324,COMPUTERS IN HUMAN BEHAVIOR,"Caregivers? psychological distress, technology use, and parenting: The importance of a multidimensional perspective",33897,WOS:000807115000005
https://doi.org/10.1037/tra0001141,PSYCHOLOGICAL TRAUMA-THEORY RESEARCH PRACTICE AND POLICY,Resilience to Suicidal Ideation Among College Sexual Assault Survivors: The Protective Role of Optimism and Gratitude in the Context of Posttraumatic Stress,59380,WOS:000733105200001
https://doi.org/10.1016/j.jadohealth.2022.03.006,JOURNAL OF ADOLESCENT HEALTH,"Trends in Alcohol, Cigarette, E-Cigarette, and Nonprescribed Pain Reliever Use Among Young Adults in Washington State After Legalization of Nonmedical Cannabis",30335,WOS:000816973800009
https://doi.org/10.1002/mar.21781,PSYCHOLOGY & MARKETING,Effects of donation collection methods on donation amount: Nudging donation for the cause and overhead,3620,WOS:000905576100001
https://doi.org/10.1016/j.chb.2022.107558,COMPUTERS IN HUMAN BEHAVIOR,Learning from disagreement on social media: The mediating role of like-minded and cross-cutting discussion and the moderating role of fact-checking,3882,WOS:000901491700014
https://doi.org/10.1080/14780887.2021.2003493,QUALITATIVE RESEARCH IN PSYCHOLOGY,The ethics of drug use research and 'wild self-care': a dialogue between a postgraduate student and their supervisor,61098,WOS:000723455400001
https://doi.org/10.1002/hrm.22107,HUMAN RESOURCE MANAGEMENT,Strategic human resource management in the era of environmental disruptions,48323,WOS:000768032400001
https://doi.org/10.1037/tra0001318,PSYCHOLOGICAL TRAUMA-THEORY RESEARCH PRACTICE AND POLICY,Impact of the COVID-19 Pandemic for Youth With a History of Exposure to Self-Directed Violence,28347,WOS:000823989400001
https://doi.org/10.1016/j.learninstruc.2022.101713,LEARNING AND INSTRUCTION,The timing of executive function development is associated with growth in math achievement from preschool through second grade,10171,WOS:000883795200002
https://doi.org/10.1007/s11469-022-00929-4,INTERNATIONAL JOURNAL OF MENTAL HEALTH AND ADDICTION,Psychometric Assessment and Gender Invariance of the Polish Version of the Gaming Disorder Test,15984,WOS:000864335000002
https://doi.org/10.1037/pspi0000352,JOURNAL OF PERSONALITY AND SOCIAL PSYCHOLOGY,When Alterations Are Violations: Moral Outrage and Punishment in Response to (Even Minor) Alterations to Rituals,59091,WOS:000733243700001
https://doi.org/10.1089/cyber.2022.0016,CYBERPSYCHOLOGY BEHAVIOR AND SOCIAL NETWORKING,"#BeautyInspo: Unraveling the Relationships Between Nonidealized Content on Different Media Platforms, Inspiration, and a Broad Conceptualization of Beauty",29094,WOS:000821878200001
https://doi.org/10.1037/met0000342,PSYCHOLOGICAL METHODS,Model-Based Incremental Validity,58876,WOS:000733129300001
https://doi.org/10.1017/S0033291722000708,PSYCHOLOGICAL MEDICINE,Brain function mediates the association between low vitamin D and neurocognitive status in female patients with major depressive disorder,2109,WOS:000776725900001
https://doi.org/10.1016/j.janxdis.2022.102643,JOURNAL OF ANXIETY DISORDERS,Longitudinal trajectories of coronavirus anxiety and health behavior use before and after the US 2020 presidential election: The effects of political orientation,9690,WOS:000878191200001
https://doi.org/10.1037/met0000441,PSYCHOLOGICAL METHODS,Measurement Invariance Testing Using Confirmatory Factor Analysis and Alignment Optimization: A Tutorial for Transparent Analysis Planning and Reporting,37130,WOS:000797151800001
https://doi.org/10.1111/jcpp.13689,JOURNAL OF CHILD PSYCHOLOGY AND PSYCHIATRY,Multivariate associations between behavioural dimensions and white matter across children and adolescents with and without attention-deficit/hyperactivity disorder,22292,WOS:000843475500001
https://doi.org/10.1037/tra0001207,PSYCHOLOGICAL TRAUMA-THEORY RESEARCH PRACTICE AND POLICY,"A Longitudinal Mediational Investigation of Risk Pathways Among Cannabis Use, Interpersonal Trauma Exposure, and Trauma-Related Distress",54604,WOS:000747997300001
https://doi.org/10.1089/cyber.2021.0052,CYBERPSYCHOLOGY BEHAVIOR AND SOCIAL NETWORKING,Fear of Missing Out and Irrational Procrastination in the Mobile Social Media Environment: A Moderated Mediation Analysis,65198,WOS:000693960800001
https://doi.org/10.1002/mar.21607,PSYCHOLOGY & MARKETING,"""Right"" on the day: How the timing of date-specific promotions influences consumer responses",63713,WOS:000705467200001
https://doi.org/10.1016/j.leaqua.2021.101561,LEADERSHIP QUARTERLY,Dirty looks: Politicians' appearance and unethical behaviour,42846,WOS:000782304500004
https://doi.org/10.1002/mar.21738,PSYCHOLOGY & MARKETING,Relating the dark side of new-age technologies and customer technostress,16531,WOS:000862813300001
https://doi.org/10.1016/j.ijchp.2022.100297,INTERNATIONAL JOURNAL OF CLINICAL AND HEALTH PSYCHOLOGY,Study of Sexual Concordance in Men and Women with Different Typologies of Adherence to the Sexual Double Standard,42137,WOS:000775636400003
https://doi.org/10.1177/09637214221079625,CURRENT DIRECTIONS IN PSYCHOLOGICAL SCIENCE,Concepts for Which We Need Others More: The Case of Abstract Concepts,38147,WOS:000796957500001
https://doi.org/10.1016/j.chb.2021.107083,COMPUTERS IN HUMAN BEHAVIOR,The role of proxy internet use in sequential pathways of digital exclusion: An empirical test of a conceptual model,56713,WOS:000740278900009
https://doi.org/10.1037/tra0001113,PSYCHOLOGICAL TRAUMA-THEORY RESEARCH PRACTICE AND POLICY,"Estradiol, Stress Reactivity, and Daily Affective Experiences in Trauma-Exposed Women",59850,WOS:000733068400001
https://doi.org/10.1007/s00787-021-01900-9,EUROPEAN CHILD & ADOLESCENT PSYCHIATRY,Longitudinal effects of emotion awareness and regulation on mental health symptoms in adolescents with and without hearing loss,51372,WOS:000759400600001
https://doi.org/10.1002/mar.21644,PSYCHOLOGY & MARKETING,Larger = more attractive? Image size on food packages influences purchase likelihood,54176,WOS:000749660800001
https://doi.org/10.1007/s00787-022-01964-1,EUROPEAN CHILD & ADOLESCENT PSYCHIATRY,Bullying at 8 years and violent offenses by 31 years: the Finnish nationwide 1981 birth cohort study,43605,WOS:000781151000001
https://doi.org/10.1016/j.jadohealth.2022.01.225,JOURNAL OF ADOLESCENT HEALTH,AIM for Teen Moms: Social Support's Role in Contraception Use Among Young Mothers,30329,WOS:000816973800013
https://doi.org/10.1016/j.chb.2022.107211,COMPUTERS IN HUMAN BEHAVIOR,Sharing emotion while spectating video game play: Exploring Twitch users' emotional change after the outbreak of the COVID-19 pandemic,49041,WOS:000759737000006
https://doi.org/10.1002/hrm.22147,HUMAN RESOURCE MANAGEMENT,Best friend or broken tool? Exploring the co-existence of humans and artificial intelligence in the workplace ecosystem,16240,WOS:000864295500001
https://doi.org/10.1037/apl0000567,JOURNAL OF APPLIED PSYCHOLOGY,Organizational-Level Perceived Support Enhances Organizational Profitability,49161,WOS:000766316600001
https://doi.org/10.1111/apps.12380,APPLIED PSYCHOLOGY-AN INTERNATIONAL REVIEW-PSYCHOLOGIE APPLIQUEE-REVUE INTERNATIONALE,How contextual and individual characteristics influence psychological needs satisfaction: The critical roles of political skill and political will,49288,WOS:000766020400001
https://doi.org/10.1002/job.2630,JOURNAL OF ORGANIZATIONAL BEHAVIOR,Gender diversity and team performance under time pressure: The role of team withdrawal and information elaboration,41743,WOS:000787512400001
https://doi.org/10.1037/pspi0000371,JOURNAL OF PERSONALITY AND SOCIAL PSYCHOLOGY,New Parental Positivity: The Role of Positive Emotions in Promoting Relational Adjustment During the Transition to Parenthood,59019,WOS:000733208700001
https://doi.org/10.1037/pspi0000376,JOURNAL OF PERSONALITY AND SOCIAL PSYCHOLOGY,Policies and Prejudice: Integration Policies Moderate the Link Between Immigrant Presence and Anti-Immigrant Prejudice,55064,WOS:000744214300001
https://doi.org/10.1177/17456916211027563,PERSPECTIVES ON PSYCHOLOGICAL SCIENCE,Good Theories in Need of Better Data: Combining Clinical and Social Psychological Approaches to Study the Mechanisms Linking Relationships and Health,60074,WOS:000730602300001
https://doi.org/10.1017/S0033291720002263,PSYCHOLOGICAL MEDICINE,Examining unique and prospective relationships among self-injurious thoughts and behaviors and posttraumatic stress disorder: a network analysis in two trauma-exposed samples,44635,WOS:000773495000010
https://doi.org/10.1017/S0033291720003335,PSYCHOLOGICAL MEDICINE,A randomized controlled trial of cognitive remediation and long-acting injectable risperidone after a first episode of schizophrenia: improving cognition and work/school functioning,30673,WOS:000814804700020
https://doi.org/10.1017/S0033291722002665,PSYCHOLOGICAL MEDICINE,Disrupted dynamic network reconfiguration of the executive and reward networks in internet gaming disorder,22061,WOS:000844414100001
https://doi.org/10.1037/apl0000991,JOURNAL OF APPLIED PSYCHOLOGY,"Times Are Changing, Bias Isn't: A Meta-Meta-Analysis on Publication Bias Detection Practices, Prevalence Rates, and Predictors in Industrial/Organizational Psychology",57954,WOS:000735545100001
https://doi.org/10.1007/s11469-021-00486-2,INTERNATIONAL JOURNAL OF MENTAL HEALTH AND ADDICTION,Coping with Stress During the Coronavirus Outbreak: the Contribution of Big Five Personality Traits and Social Support,72411,WOS:000609344200001
https://doi.org/10.1017/S0033291721005390,PSYCHOLOGICAL MEDICINE,Predictors of pharmacotherapy outcomes for body dysmorphic disorder: a machine learning approach,56631,WOS:000740867400001
https://doi.org/10.1017/S0033291722002975,PSYCHOLOGICAL MEDICINE,Pandemic paranoia in the general population: international prevalence and sociodemographic profile,17843,WOS:000859443200001
https://doi.org/10.1177/09567976211056641,PSYCHOLOGICAL SCIENCE,Explaining the Spatial Patterning of Racial Disparities in Traffic Stops Requires a Structural Perspective: Further Reflections on Stelter et al. (2022) and Ekstrom et al. (2022),46283,WOS:000774025700001
https://doi.org/10.1037/tra0001361,PSYCHOLOGICAL TRAUMA-THEORY RESEARCH PRACTICE AND POLICY,Unaccompanied Migrant Children in the United States: Implementation and Effectiveness of Trauma-Focused Cognitive Behavioral Therapy,19358,WOS:000853571500001
https://doi.org/10.1017/S0033291722000599,PSYCHOLOGICAL MEDICINE,Efficacy of an internet-based cognitive behavioral therapy for subthreshold depression among Chinese adults: a randomized controlled trial,44129,WOS:000779205100001
https://doi.org/NA,PSYCHOLOGICAL TRAUMA-THEORY RESEARCH PRACTICE AND POLICY,E-Mail Notification of Your Latest Issue Online!,17417,WOS:000857963000003
https://doi.org/10.1177/10944281211046312,ORGANIZATIONAL RESEARCH METHODS,Making the Invisible Visible: Guidelines for the Coding Process in Meta-Analyses,60591,WOS:000727914300001
https://doi.org/10.1016/j.jaac.2021.04.014,JOURNAL OF THE AMERICAN ACADEMY OF CHILD AND ADOLESCENT PSYCHIATRY,Reward-Related Neural Circuitry in Depressed and Anxious Adolescents: A Human Connectome Project,54637,WOS:000747812300021
https://doi.org/10.1177/09567976211024254,PSYCHOLOGICAL SCIENCE,Noise Increases Anchoring Effects,60075,WOS:000729844800001
https://doi.org/10.1177/25152459211070573,ADVANCES IN METHODS AND PRACTICES IN PSYCHOLOGICAL SCIENCE,"PsyBuilder: An Open-Source, Cross-Platform Graphical Experiment Builder for Psychtoolbox With Built-In Performance Optimization",193,WOS:000770931800001
https://doi.org/10.1080/17437199.2022.2143851,HEALTH PSYCHOLOGY REVIEW,Why do people sit? A framework for targeted behavior change,10246,WOS:000882937700001
https://doi.org/10.1177/01492063211011762,JOURNAL OF MANAGEMENT,Strategic Risk and Lobbying: Investigating Lobbying Breadth as Risk Management,69712,WOS:000649485800001
https://doi.org/10.1177/09637214211049233,CURRENT DIRECTIONS IN PSYCHOLOGICAL SCIENCE,The Structure of Systematicity in the Brain,45123,WOS:000778547300001
https://doi.org/10.1038/s41562-022-01464-x,NATURE HUMAN BEHAVIOUR,Confidence reflects a noisy decision reliability estimate,11240,WOS:000879717300001
https://doi.org/10.1017/S0033291722003294,PSYCHOLOGICAL MEDICINE,Demonstration of a 'leapfrog' randomized controlled trial as a method to accelerate the development and optimization of psychological interventions,10794,WOS:000878701700001
https://doi.org/10.1038/s41562-022-01386-8,NATURE HUMAN BEHAVIOUR,"The brain time toolbox, a software library to retune electrophysiology data to brain dynamics",31631,WOS:000813588100001
https://doi.org/10.1002/mar.21540,PSYCHOLOGY & MARKETING,Intergenerational influence on sustainable consumer attitudes and behaviors: Roles of family communication and peer influence in environmental consumer socialization,67818,WOS:000670276800001
https://doi.org/10.1016/j.jvb.2022.103791,JOURNAL OF VOCATIONAL BEHAVIOR,Management of fortuity: Workplace chance events and the career projections of up-or-out professionals,10407,WOS:000882058700001
https://doi.org/10.1177/17456916221127226,PERSPECTIVES ON PSYCHOLOGICAL SCIENCE,The Myth of Normal Reading,10231,WOS:000884341000001
https://doi.org/10.1037/apl0000856,JOURNAL OF APPLIED PSYCHOLOGY,Indexing Dynamic Collective Constructs Using Computer-Aided Text Analysis: Construct Validity Evidence and Illustrations Featuring Team Processes,59341,WOS:000733205600001
https://doi.org/10.1016/j.jenvp.2022.101841,JOURNAL OF ENVIRONMENTAL PSYCHOLOGY,Architectural experience: Clarifying its central components and their relation to core affect with a set of first-person-view videos,26042,WOS:000829689200001
https://doi.org/10.1017/S1041610221000818,INTERNATIONAL PSYCHOGERIATRICS,A tablet-based intervention for activating nursing home residents with dementia: results from a cluster-randomized controlled trial,44899,WOS:000780250200001
https://doi.org/10.1017/S0033291721004888,PSYCHOLOGICAL MEDICINE,Dissection of depression heterogeneity using proteomic clusters,55941,WOS:000743775500001
https://doi.org/10.1111/apps.12335,APPLIED PSYCHOLOGY-AN INTERNATIONAL REVIEW-PSYCHOLOGIE APPLIQUEE-REVUE INTERNATIONALE,Work and home boundary violations during the COVID-19 pandemic: The role of segmentation preferences and unfinished tasks,67789,WOS:000671851600001
https://doi.org/10.1016/j.janxdis.2022.102532,JOURNAL OF ANXIETY DISORDERS,The OCI-CV-R: A Revision of the Obsessive-Compulsive Inventory-Child Version,41272,WOS:000788121500008
https://doi.org/10.1017/S0033291720004171,PSYCHOLOGICAL MEDICINE,An ecological study of objective rest-activity markers of lithium response in bipolar-I-disorder,17359,WOS:000857186700011
https://doi.org/10.1016/j.chb.2022.107372,COMPUTERS IN HUMAN BEHAVIOR,Predicting the moral consideration of artificial intelligences,26478,WOS:000829257100003
https://doi.org/10.1037/amp0000838,AMERICAN PSYCHOLOGIST,The Mental Health Implications of COVID-19 for Adolescents: Follow-Up of a Four-Wave Longitudinal Study During the Pandemic,57888,WOS:000735766300001
https://doi.org/10.1002/da.23295,DEPRESSION AND ANXIETY,Elucidating behavioral and functional connectivity markers of aberrant threat discrimination in PTSD,10827,WOS:000879341300001
https://doi.org/10.1177/1745691620979820,PERSPECTIVES ON PSYCHOLOGICAL SCIENCE,Psychological Science Is Not Race Neutral,71601,WOS:000627013700001
https://doi.org/10.1016/j.jvb.2022.103762,JOURNAL OF VOCATIONAL BEHAVIOR,Improving career adaptability through motivational interview among peers: An intervention of at-risk Chinese college students majoring in foreign language,6840,WOS:000888765900002
https://doi.org/10.1037/tra0001355,PSYCHOLOGICAL TRAUMA-THEORY RESEARCH PRACTICE AND POLICY,Quality of Memories in Battered Women: Analysis of Positive Narratives,18454,WOS:000855903100001
https://doi.org/10.1177/09567976211070562,PSYCHOLOGICAL SCIENCE,Specific Effects of Characteristics of Enriched Environment on Innovative Problem Solving by Animals,28763,WOS:000822218600001
https://doi.org/10.1037/apl0000902,JOURNAL OF APPLIED PSYCHOLOGY,Not Very Competent but Connected: Leaders' Use of Employee Social Networks as Prisms to Make Delegation Decisions,59370,WOS:000733106400001
https://doi.org/10.1111/aphw.12347,APPLIED PSYCHOLOGY-HEALTH AND WELL BEING,Purpose in life and personal growth: The unique and joint contribution of physical activity and basic psychological needs,54146,WOS:000749681600001
https://doi.org/10.1111/apps.12337,APPLIED PSYCHOLOGY-AN INTERNATIONAL REVIEW-PSYCHOLOGIE APPLIQUEE-REVUE INTERNATIONALE,Followership at a distance: Follower adjustment to distal leadership during COVID-19,66674,WOS:000680488300001
https://doi.org/10.1016/j.jvb.2022.103823,JOURNAL OF VOCATIONAL BEHAVIOR,The double-edged sword of job insecurity: When and why job insecurity promotes versus inhibits supervisor-rated performance,2743,WOS:000906919800006
https://doi.org/10.1111/jcpp.13597,JOURNAL OF CHILD PSYCHOLOGY AND PSYCHIATRY,Peer contagion dynamics in the friendships of children with ADHD,50013,WOS:000762596300001
https://doi.org/10.1016/j.jadohealth.2022.04.010,JOURNAL OF ADOLESCENT HEALTH,Multiple Impacts of Ethiopia's Health Extension Program on Adolescent Health and Well-Being: A Quasi-Experimental Study 2002-2013,16006,WOS:000863165800008
https://doi.org/10.1089/cyber.2022.0021,CYBERPSYCHOLOGY BEHAVIOR AND SOCIAL NETWORKING,Parental Phubbing and Internet Gaming Addiction in Children: Mediating Roles of Parent-Child Relationships and Depressive Symptoms,30155,WOS:000816948500001
https://doi.org/10.1037/tra0001060,PSYCHOLOGICAL TRAUMA-THEORY RESEARCH PRACTICE AND POLICY,Psychometric Properties of the Posttraumatic Avoidance Behaviour Questionnaire Among a Treatment-Seeking Adult Sample,59402,WOS:000733119700001
https://doi.org/10.1037/tra0001050,PSYCHOLOGICAL TRAUMA-THEORY RESEARCH PRACTICE AND POLICY,"The Relationship Between Number of Trauma Types, Resilience, and Psychological Symptoms in Ex-Military Personnel From India",51342,WOS:000755962600018
https://doi.org/10.1177/09567976211043425,PSYCHOLOGICAL SCIENCE,Strength of Belief Guides Information Foraging,49927,WOS:000764240000001
https://doi.org/10.1037/tra0001229,PSYCHOLOGICAL TRAUMA-THEORY RESEARCH PRACTICE AND POLICY,"The Role of Strength-Based Parenting, Posttraumatic Stress, and Event Exposure on Posttraumatic Growth in Flood Survivors",42329,WOS:000785012700001
https://doi.org/10.1017/S0033291720003773,PSYCHOLOGICAL MEDICINE,Socio-demographic and trauma-related predictors of depression within eight weeks of motor vehicle collision in the AURORA study,25206,WOS:000832634900015
https://doi.org/10.1089/cyber.2022.0063,CYBERPSYCHOLOGY BEHAVIOR AND SOCIAL NETWORKING,Topics and Sentiments Influence Likes: A Study of Facebook Public Pages' Posts About COVID-19 Vaccination,23352,WOS:000840772800001
https://doi.org/10.1177/10944281211068179,ORGANIZATIONAL RESEARCH METHODS,Evaluating Interdependence in Workgroups: A Network-Based Method,49759,WOS:000758645600001
https://doi.org/10.1037/tra0000543,PSYCHOLOGICAL TRAUMA-THEORY RESEARCH PRACTICE AND POLICY,Intergenerational Transmission of Risk for PTSD Symptoms in African American Children: The Roles of Maternal and Child Emotion Dysregulation,17400,WOS:000857963000005
https://doi.org/10.1016/j.ijchp.2022.100339,INTERNATIONAL JOURNAL OF CLINICAL AND HEALTH PSYCHOLOGY,"Loneliness, ageism, and mental health: The buffering role of resilience in seniors",15896,WOS:000863124400006
https://doi.org/10.1037/pspp0000430,JOURNAL OF PERSONALITY AND SOCIAL PSYCHOLOGY,Rank-Order Stability of Relationship Satisfaction: A Meta-Analysis of Longitudinal Studies,26591,WOS:000828824800001
https://doi.org/10.1177/09567976211028984,PSYCHOLOGICAL SCIENCE,Teacher Mindsets Help Explain Where a Growth-Mindset Intervention Does and Doesn't Work,57504,WOS:000737958900001
https://doi.org/10.1037/met0000479,PSYCHOLOGICAL METHODS,A Tutorial on Bayesian Networks for Psychopathology Researchers,53981,WOS:000749770100001
https://doi.org/10.1017/S0033291720003414,PSYCHOLOGICAL MEDICINE,Evaluating the mental health impacts of the COVID-19 pandemic: perceived risk of COVID-19 infection and childhood trauma predict adult depressive symptoms in urban South Africa,794,WOS:000814804700027
https://doi.org/10.1016/j.chb.2022.107244,COMPUTERS IN HUMAN BEHAVIOR,The role of family intimacy in playing collaborative e-sports with a Switch device to predict the experience of flow and anxiety during COVID-19 lockdown,44146,WOS:000776073700006
https://doi.org/10.1007/s11469-022-00978-9,INTERNATIONAL JOURNAL OF MENTAL HEALTH AND ADDICTION,Modelling the Relationship Between Environmental and Social Cognitive Determinants of Risky Drinking Among Emerging Adults,2057,WOS:000912912400002
https://doi.org/10.1037/ap10000923,JOURNAL OF APPLIED PSYCHOLOGY,"Diversity Climate, Trust, and Turnover Intentions: A Multilevel Dynamic System",31670,WOS:000811869400006
https://doi.org/10.1111/jcpp.13686,JOURNAL OF CHILD PSYCHOLOGY AND PSYCHIATRY,Adolescent sleep quality and quantity and educational attainment: a test of multiple mechanisms using sibling difference models,21845,WOS:000844419800001
https://doi.org/10.1111/aphw.12361,APPLIED PSYCHOLOGY-HEALTH AND WELL BEING,Returning home: The role of expectations in re-entry adaptation,45373,WOS:000778507000001
https://doi.org/10.1037/met0000512,PSYCHOLOGICAL METHODS,Regression With Reduced Rank Predictor Matrices: A Model of Trade-Offs,30138,WOS:000819647100001
https://doi.org/10.1037/met0000333,PSYCHOLOGICAL METHODS,A Tutorial on Bollen and Brand's Approach to Modeling Dynamics While Attending to Dynamic Panel Bias,58642,WOS:000733112400001
https://doi.org/10.1016/j.jvb.2021.103678,JOURNAL OF VOCATIONAL BEHAVIOR,Retiring in a white coat: Doctors working after retirement,57478,WOS:000737496200001
https://doi.org/10.1017/S0033291722001337,PSYCHOLOGICAL MEDICINE,Volume of hippocampus-amygdala transition area predicts outcomes of electroconvulsive therapy in major depressive disorder: high accuracy validated in two independent cohorts,37300,WOS:000799338900001
https://doi.org/10.1016/j.jadohealth.2022.01.224,JOURNAL OF ADOLESCENT HEALTH,Adolescent Perceptions of Menstruation on Twitter: Opportunities for Advocacy and Education,30336,WOS:000816973800015
https://doi.org/10.1177/01492063221083889,JOURNAL OF MANAGEMENT,Faults and Faultlines: The Effects of Board Faultlines on CEO Dismissal,44072,WOS:000782464500001
https://doi.org/10.1016/j.jadohealth.2021.11.005,JOURNAL OF ADOLESCENT HEALTH,Efficacy of Email-delivered Versus Face-to-face Group Cognitive Behavioral Therapy for Insomnia in Youths: A Randomized Controlled Trial,35779,WOS:000798205100012
https://doi.org/10.1016/j.jenvp.2022.101802,JOURNAL OF ENVIRONMENTAL PSYCHOLOGY,The emotional influence of different geometries in virtual spaces: A neurocognitive examination,36169,WOS:000797210000002
https://doi.org/10.1007/s00787-021-01805-7,EUROPEAN CHILD & ADOLESCENT PSYCHIATRY,"Transcultural differences in suicide attempts among children and adolescents with and without migration background, a multicentre study: in Vienna, Berlin, Istanbul",68929,WOS:000655944400001
https://doi.org/10.1089/cyber.2021.0159,CYBERPSYCHOLOGY BEHAVIOR AND SOCIAL NETWORKING,The Online Hate Speech Cycle of Violence: Moderating Effects of Moral Disengagement and Empathy in the Victim-to-Perpetrator Relationship,50586,WOS:000759595000001
https://doi.org/10.1007/s00787-022-02024-4,EUROPEAN CHILD & ADOLESCENT PSYCHIATRY,Developmental signs of ADHD and autism: a prospective investigation in 3623 children,31159,WOS:000815459000003
https://doi.org/10.1177/09637214211057836,CURRENT DIRECTIONS IN PSYCHOLOGICAL SCIENCE,"Toward a ""Standard Model"" of Early Language Learning",57726,WOS:000736384100001
https://doi.org/10.1038/s41562-021-01196-4,NATURE HUMAN BEHAVIOUR,The effects of remote work on collaboration among information workers,65209,WOS:000694566600001
https://doi.org/10.1177/17456916211018454,PERSPECTIVES ON PSYCHOLOGICAL SCIENCE,Challenging the Idea That Humans Are Not Designed to Solve Climate Change,62199,WOS:000716474700001
https://doi.org/10.1016/j.learninstruc.2022.101616,LEARNING AND INSTRUCTION,"Students' growth mindset: Relation to teacher beliefs, teaching practices, and school climate",35095,WOS:000804456000007
https://doi.org/10.1017/S0033291721004475,PSYCHOLOGICAL MEDICINE,Prior differences in previous trauma exposure primarily drive the observed racial/ethnic differences in posttrauma depression and anxiety following a recent trauma,54248,WOS:000748781500001
https://doi.org/10.1002/job.2554,JOURNAL OF ORGANIZATIONAL BEHAVIOR,My boss' passion matters as much as my own: The interpersonal dynamics of passion are a critical driver of performance evaluations,65298,WOS:000693086500001
https://doi.org/10.1037/pspp0000408,JOURNAL OF PERSONALITY AND SOCIAL PSYCHOLOGY,The Incremental Validity of Average States: A Replication and Extension of Finnigan and Vazire (2018),54019,WOS:000749836900001
https://doi.org/10.1037/tra0001329,PSYCHOLOGICAL TRAUMA-THEORY RESEARCH PRACTICE AND POLICY,Emergence of Probable PTSD Among US Veterans Over the Military-to-Civilian Transition,24959,WOS:000835438400001
https://doi.org/10.1016/j.learninstruc.2021.101561,LEARNING AND INSTRUCTION,The role of strategy-based motivation in mathematical problem solving: The case of learner-generated drawings,26450,WOS:000829576600013
https://doi.org/10.1037/tra0000544,PSYCHOLOGICAL TRAUMA-THEORY RESEARCH PRACTICE AND POLICY,Attachment Loss and Trauma: A Descriptive Phenomenological Analysis of Suicidality and Depression in Veterinarians,17407,WOS:000857963000022
https://doi.org/10.1007/s11469-021-00602-2,INTERNATIONAL JOURNAL OF MENTAL HEALTH AND ADDICTION,Social Media Users Potentially Experience Different Withdrawal Symptoms to Non-social Media Users,21301,WOS:000847291600001
https://doi.org/10.1177/01492063221082537,JOURNAL OF MANAGEMENT,Does an Employee-Experienced Crisis Help or Hinder Creativity? An Integration of Threat-Rigidity and Implicit Theories,45181,WOS:000779358000001
https://doi.org/10.1177/09567976221112936,PSYCHOLOGICAL SCIENCE,Racial Prejudice Predicts Police Militarization,14047,WOS:000870450800001
https://doi.org/10.1016/j.cedpsych.2022.102066,CONTEMPORARY EDUCATIONAL PSYCHOLOGY,Diagrams support spontaneous transfer across whole number and fraction concepts,33983,WOS:000806533700007
https://doi.org/10.1016/j.learninstruc.2021.101541,LEARNING AND INSTRUCTION,Drawing to improve metacomprehension accuracy,60904,WOS:000725569800016
https://doi.org/10.1017/S0033291722002963,PSYCHOLOGICAL MEDICINE,Effect of lysergic acid diethylamide (LSD) on reinforcement learning in humans,7878,WOS:000889922800001
https://doi.org/10.1002/hrm.22087,HUMAN RESOURCE MANAGEMENT,Unraveling the relationship between high-performance work systems and firm performance: A mediation analysis,65293,WOS:000692935300001
https://doi.org/10.1177/09637214211051363,CURRENT DIRECTIONS IN PSYCHOLOGICAL SCIENCE,Research Domain Criteria (RDoC): Progress and Potential,49839,WOS:000763500500001
https://doi.org/10.1007/s00787-021-01810-w,EUROPEAN CHILD & ADOLESCENT PSYCHIATRY,Trajectories of adolescent poly-substance use and their long-term social and economic outcomes for males from low-income backgrounds,69414,WOS:000656590800001
https://doi.org/10.1017/S0033291721000842,PSYCHOLOGICAL MEDICINE,Impaired executive function exacerbates neural markers of posttraumatic stress disorder,70917,WOS:000785647200001
https://doi.org/10.1111/apps.12420,APPLIED PSYCHOLOGY-AN INTERNATIONAL REVIEW-PSYCHOLOGIE APPLIQUEE-REVUE INTERNATIONALE,The hidden performance costs of professional isolation? A latent change score model of professional isolation during the early stage of COVID-19 pandemic,26846,WOS:000828672300001
https://doi.org/10.1037/tra0001024,PSYCHOLOGICAL TRAUMA-THEORY RESEARCH PRACTICE AND POLICY,Different Emotional Profile of Health Care Staff and General Population During the COVID-19 Outbreak,59275,WOS:000733368100001
https://doi.org/10.1089/aut.2021.0097,AUTISM IN ADULTHOOD,"""I'm the Family Ringmaster and Juggler"": Autistic Parents' Experiences of Parenting During the COVID-19 Pandemic",38994,WOS:000794382900001
https://doi.org/10.1016/j.janxdis.2022.102614,JOURNAL OF ANXIETY DISORDERS,"Adverse childhood experiences, adult anxiety and social capital among women in rural Kenya",22242,WOS:000844069000005
https://doi.org/10.1111/aphw.12384,APPLIED PSYCHOLOGY-HEALTH AND WELL BEING,Older adults' physical activity after lockdown: Testing the health action process approach and the moderating role of fear of Covid-19,28270,WOS:000823523100001
https://doi.org/10.1007/s00787-022-02040-4,EUROPEAN CHILD & ADOLESCENT PSYCHIATRY,Alarming changes in the global burden of mental disorders in children and adolescents from 1990 to 2019: a systematic analysis for the Global Burden of Disease study,28374,WOS:000824254100001
https://doi.org/10.1111/apps.12383,APPLIED PSYCHOLOGY-AN INTERNATIONAL REVIEW-PSYCHOLOGIE APPLIQUEE-REVUE INTERNATIONALE,Advancing a critical social psychological perspective on women's leadership: A case illustration from the Global South,46271,WOS:000773741800001
https://doi.org/10.1111/apps.12347,APPLIED PSYCHOLOGY-AN INTERNATIONAL REVIEW-PSYCHOLOGIE APPLIQUEE-REVUE INTERNATIONALE,Perceptions of organizational politics: A restricted nonlinearity perspective of its effects on job satisfaction and performance,64139,WOS:000703347300001
https://doi.org/10.1037/tra0001324,PSYCHOLOGICAL TRAUMA-THEORY RESEARCH PRACTICE AND POLICY,"The Acceptability, Feasibility, and Preliminary Effectiveness of Group Cognitive Behavioral Therapy for Chinese Children With Posttraumatic Stress Disorder: A Pilot Randomized Controlled Trial",20299,WOS:000850638200001
https://doi.org/10.1016/j.chb.2022.107491,COMPUTERS IN HUMAN BEHAVIOR,"Sex, age and cyber-victimization: A meta-analysis.",12513,WOS:000876428000001
https://doi.org/10.1007/s11469-022-00973-0,INTERNATIONAL JOURNAL OF MENTAL HEALTH AND ADDICTION,Work Addiction and Its Relation with Dark Personality Traits: A Cross-sectional Study with Private Sector Employees,5465,WOS:000894472300001
https://doi.org/10.1016/j.jenvp.2022.101795,JOURNAL OF ENVIRONMENTAL PSYCHOLOGY,Pathways of place dependence and place identity influencing recycling in the extended theory of planned behavior,39011,WOS:000791271800003
https://doi.org/10.1111/aphw.12432,APPLIED PSYCHOLOGY-HEALTH AND WELL BEING,Application of machine learning to discover interactions predictive of dietary lapses,3969,WOS:000904018400001
https://doi.org/10.1007/s11469-022-00937-4,INTERNATIONAL JOURNAL OF MENTAL HEALTH AND ADDICTION,The Increased Alcohol and Marijuana Use Associated with the Quality of Life and Psychosocial Aspects: a Study During the Covid-19 Pandemic in a Brazilian University Community,13935,WOS:000870947000001
https://doi.org/10.1016/j.jvb.2022.103804,JOURNAL OF VOCATIONAL BEHAVIOR,Tough times at the top: Occupational status predicts changes in job satisfaction in times of crisis,10583,WOS:000882058700003
https://doi.org/10.1007/s11469-020-00445-3,INTERNATIONAL JOURNAL OF MENTAL HEALTH AND ADDICTION,"When ""Good Enough"" Isn't Good Enough: Interdisciplinary Perspectives on Caring for Adults Using Substances at the End of Life",71175,WOS:000626391300004
https://doi.org/10.1007/s00787-022-02086-4,EUROPEAN CHILD & ADOLESCENT PSYCHIATRY,Aberrant intrinsic hippocampal and orbitofrontal connectivity in drug-naive adolescent patients with major depressive disorder,18983,WOS:000854853800002
https://doi.org/10.1016/j.jaac.2021.08.024,JOURNAL OF THE AMERICAN ACADEMY OF CHILD AND ADOLESCENT PSYCHIATRY,The Role of Antenatal and Postnatal Maternal Bonding in Infant Development,25144,WOS:000831709300016
https://doi.org/10.1037/pspp0000449,JOURNAL OF PERSONALITY AND SOCIAL PSYCHOLOGY,Unraveling Values and Well-Being-Disentangling Within- and Between-Person Dynamics via a Psychometric Network Perspective,9056,WOS:000884486600001
https://doi.org/10.1016/j.jaac.2021.08.019,JOURNAL OF THE AMERICAN ACADEMY OF CHILD AND ADOLESCENT PSYCHIATRY,Motivation and Cognitive Abilities as Mediators Between Polygenic Scores and Psychopathology in Children,25148,WOS:000831709300013
https://doi.org/10.1017/S0033291721005171,PSYCHOLOGICAL MEDICINE,Resting state connectivity predictors of symptom change during gaze-contingent music reward therapy of social anxiety disorder,46477,WOS:000771791200001
https://doi.org/10.1177/01492063211067517,JOURNAL OF MANAGEMENT,When Do Greedy Entrepreneurs Exhibit Unethical Pro-Organizational Behavior? The Role of New Venture Team Trust,53842,WOS:000751164200001
https://doi.org/10.1037/met0000468,PSYCHOLOGICAL METHODS,Seeing the Impossible: Visualizing Latent Variable Models With Flexplavaan,55226,WOS:000746941300001
https://doi.org/10.1017/S0033291722001362,PSYCHOLOGICAL MEDICINE,"Statistical power in clinical trials of interventions for mood, anxiety, and psychotic disorders",38079,WOS:000797720400001
https://doi.org/10.1111/jcpp.13553,JOURNAL OF CHILD PSYCHOLOGY AND PSYCHIATRY,Depression in 3/6-year-old children: clinical and psychosocial outcomes in later childhood and adolescence,61163,WOS:000725315900001
https://doi.org/10.1016/j.jvb.2021.103662,JOURNAL OF VOCATIONAL BEHAVIOR,Why and when does voice lead to increased job engagement? The role of perceived voice appreciation and emotional stability,57615,WOS:000737512100002
https://doi.org/10.1037/tra0001392,PSYCHOLOGICAL TRAUMA-THEORY RESEARCH PRACTICE AND POLICY,Leveraging Community-Based Mental Health Services to Reduce Inequities for Children and Families Living in United States Who Have Experienced Migration-Related Trauma,12984,WOS:000872781700001
https://doi.org/10.1038/s41562-022-01458-9,NATURE HUMAN BEHAVIOUR,A multi-lab test of the facial feedback hypothesis by the Many Smiles Collaboration,13875,WOS:000870605800001
https://doi.org/10.1002/mar.21669,PSYCHOLOGY & MARKETING,"The effects of a dividing line in a product assortment on perceived quantity, willingness to buy, and choice satisfaction",40853,WOS:000789551400001
https://doi.org/10.1177/17456916211017858,PERSPECTIVES ON PSYCHOLOGICAL SCIENCE,"Person Perception, Meet People Perception: Exploring the Social Vision of Groups",61272,WOS:000721917700001
https://doi.org/10.1017/S0033291720005280,PSYCHOLOGICAL MEDICINE,Longitudinal symptom network structure in first-episode psychosis: a possible marker for remission,72291,WOS:000786017500001
https://doi.org/10.1007/s00787-022-01965-0,EUROPEAN CHILD & ADOLESCENT PSYCHIATRY,Parental personality disorder symptoms and children's social skills: a prospective community study,49629,WOS:000763335200002
https://doi.org/10.1037/apl0001058,JOURNAL OF APPLIED PSYCHOLOGY,How Is Leadership Maintained? A Longitudinal Mediation Model Linking Informal Leadership to Upward Voice Through Peer Advice Seeking,15707,WOS:000864867100001
https://doi.org/10.1016/j.jenvp.2022.101813,JOURNAL OF ENVIRONMENTAL PSYCHOLOGY,"Comparing the effect of mindful and other engagement interventions in nature on attention restoration, nature connection, and mood",34763,WOS:000804483300006
https://doi.org/10.1177/09567976221094782,PSYCHOLOGICAL SCIENCE,The Games We Play: Prosocial Choices Under Time Pressure Reflect Context-Sensitive Information Priorities,22550,WOS:000842677500001
https://doi.org/10.1017/S0033291721000830,PSYCHOLOGICAL MEDICINE,Psychological trauma and the genetic overlap between posttraumatic stress disorder and major depressive disorder,41687,WOS:000784422700001
https://doi.org/10.1007/s11469-022-00812-2,INTERNATIONAL JOURNAL OF MENTAL HEALTH AND ADDICTION,Mindfulness and Negative Emotions Among Females Who Inject Drugs: the Mediating Role of Social Support and Resilience,46062,WOS:000773831800002
https://doi.org/10.1007/s11469-020-00427-5,INTERNATIONAL JOURNAL OF MENTAL HEALTH AND ADDICTION,Screening Performance of the Korean Version of the Gambling Problem Severity Subscale of the Canadian Adolescent Gambling Index (CAGI GPSS),73324,WOS:000587932000001
https://doi.org/10.1111/mono.12460,MONOGRAPHS OF THE SOCIETY FOR RESEARCH IN CHILD DEVELOPMENT,Parenting in the Context of the Child: Genetic and Social Processes,51798,WOS:000973621800001
https://doi.org/10.1017/S0033291720001610,PSYCHOLOGICAL MEDICINE,Effects of antidepressant medicines on preventing relapse of unipolar depression: a pooled analysis of parametric survival curves,35983,WOS:000733759000008
https://doi.org/10.1038/s41562-021-01272-9,NATURE HUMAN BEHAVIOUR,Field experiments find no evidence that chimpanzee nut cracking can be independently innovated,55552,WOS:000746326400001
https://doi.org/10.1007/s00787-022-01960-5,EUROPEAN CHILD & ADOLESCENT PSYCHIATRY,Communicating distress: suicide threats/gestures among clinical and community youth,50305,WOS:000762133900001
https://doi.org/10.1177/09567976221101045,PSYCHOLOGICAL SCIENCE,Testing Deprivation and Threat: A Preregistered Network Analysis of the Dimensions of Early Adversity,19586,WOS:000852326000001
https://doi.org/10.1016/j.learninstruc.2021.101526,LEARNING AND INSTRUCTION,The quizzing effect depends on hope of success and can be optimized by cognitive load-based adaptation,60889,WOS:000725569800013
https://doi.org/10.1007/s00787-022-02016-4,EUROPEAN CHILD & ADOLESCENT PSYCHIATRY,Optimising the management of children with concomitant bladder dysfunction and behavioural disorders,30602,WOS:000818594400001
https://doi.org/10.1037/apl0000580,JOURNAL OF APPLIED PSYCHOLOGY,Biting the Hand That Feeds: A Status-Based Model of When and Why Receiving Help Motivates Social Undermining,28618,WOS:000822075800001
https://doi.org/10.1037/tra0001183,PSYCHOLOGICAL TRAUMA-THEORY RESEARCH PRACTICE AND POLICY,The Impact of COVID-19 and Experiences of Secondary Traumatic Stress and Burnout,51329,WOS:000755962600026
https://doi.org/10.1111/aphw.12427,APPLIED PSYCHOLOGY-HEALTH AND WELL BEING,Worksite health promotion for employees working from home: A vignette experiment examining intentions to participate,5026,WOS:000900255600001
https://doi.org/10.1016/j.jenvp.2021.101754,JOURNAL OF ENVIRONMENTAL PSYCHOLOGY,"Gratitude to nature: Presenting a theory of its conceptualization, measurement, and effects on pro-environmental behavior",42907,WOS:000781044300013
https://doi.org/10.1038/s41562-022-01434-3,NATURE HUMAN BEHAVIOUR,Relationship between nuclei-specific amygdala connectivity and mental health dimensions in humans,17696,WOS:000858852300002
https://doi.org/10.1016/j.jvb.2022.103743,JOURNAL OF VOCATIONAL BEHAVIOR,Regretting your occupation constructively: A qualitative study of career choice and occupational regret,16813,WOS:000861613600003
https://doi.org/10.1111/apps.12322,APPLIED PSYCHOLOGY-AN INTERNATIONAL REVIEW-PSYCHOLOGIE APPLIQUEE-REVUE INTERNATIONALE,The curvilinear effect of professional faultlines on team innovation: The pivotal role of professional identity threat,68636,WOS:000658910200001
https://doi.org/10.1007/s00787-021-01825-3,EUROPEAN CHILD & ADOLESCENT PSYCHIATRY,Adolescent depression and adult labor market marginalization: a longitudinal cohort study,67973,WOS:000667890300002
https://doi.org/10.1016/j.chb.2021.107063,COMPUTERS IN HUMAN BEHAVIOR,Detecting deception through facial expressions in a dataset of videotaped interviews: A comparison between human judges and machine learning models,61597,WOS:000719927500013
https://doi.org/10.1017/S0033291722002835,PSYCHOLOGICAL MEDICINE,"Utility of PHQ-2, PHQ-8 and PHQ-9 for detecting major depression in primary health care: a validation study in Spain",13968,WOS:000869513900001
https://doi.org/10.1016/j.chb.2021.107159,COMPUTERS IN HUMAN BEHAVIOR,Adolescents' real-time social and affective experiences of online and face-to-face interactions,59927,WOS:000740277100005
https://doi.org/10.1016/j.chb.2021.107097,COMPUTERS IN HUMAN BEHAVIOR,Sexting to sex: Testing an attachment based model of connections between texting behavior and sex among heterosexually active women,56718,WOS:000740278900004
https://doi.org/10.1037/tra0000568,PSYCHOLOGICAL TRAUMA-THEORY RESEARCH PRACTICE AND POLICY,Trauma and Principles of Trauma-Informed Care in the US Federal Legislative Response to the Opioid Epidemic: A Policy Mapping Analysis,17405,WOS:000857963000012
https://doi.org/10.1016/j.learninstruc.2022.101731,LEARNING AND INSTRUCTION,Do easy-to-read adaptations really facilitate sentence processing for adults with a lower level of education? An experimental eye-tracking study,1588,WOS:000913683200001
https://doi.org/10.1037/amp0000956,AMERICAN PSYCHOLOGIST,Developing Into a Group Therapist: An Empirical Investigation of Expert Group Therapists' Training Experiences,32553,WOS:000811737000001
https://doi.org/10.1007/s10648-021-09630-9,EDUCATIONAL PSYCHOLOGY REVIEW,Effective Strategies for Research Integrity Training-a Meta-analysis,65534,WOS:000690373100001
https://doi.org/10.1002/hrm.22134,HUMAN RESOURCE MANAGEMENT,Does emotional restraint or exuberance get you the job? How and when enthusiasm intensity is related to perceived job suitability,27780,WOS:000826739500001
https://doi.org/10.1002/job.2626,JOURNAL OF ORGANIZATIONAL BEHAVIOR,"Fifty shades of pray: Faith diversity management approaches impact employee satisfaction, support perceptions, and turnover",43267,WOS:000782806700001
https://doi.org/10.1002/da.23275,DEPRESSION AND ANXIETY,"Structural brain features signaling trauma, PTSD, or resilience? A systematic exploration",32187,WOS:000811534900001
https://doi.org/10.1080/10463283.2021.1963156,EUROPEAN REVIEW OF SOCIAL PSYCHOLOGY,Strategies for the promotion of humanity attribution to outgroups,65779,WOS:000687602800001
https://doi.org/10.1089/aut.2022.0053,AUTISM IN ADULTHOOD,Exploring Environmental Barriers and Facilitators to Inclusion on a University Campus for Autistic Students,6932,WOS:000894095100001
https://doi.org/10.1177/01492063221121788,JOURNAL OF MANAGEMENT,Pulling Together While Falling Apart: A Relational View on Integration in Serial Acquirers,18979,WOS:000854812200001
https://doi.org/10.1016/j.chb.2021.107024,COMPUTERS IN HUMAN BEHAVIOR,Trust in social media brands and perceived media values: A survey study in China,63783,WOS:000704407400003
https://doi.org/10.1016/j.learninstruc.2022.101649,LEARNING AND INSTRUCTION,Exploring the within-person contemporaneous network of motivational engagement,17446,WOS:000861066500001
https://doi.org/10.1016/j.chb.2022.107247,COMPUTERS IN HUMAN BEHAVIOR,"Adolescents' problematic internet use in secondary school students in Lagos, Nigeria: A preliminary examination of individual and family-based predictors and consequences",44119,WOS:000776073700009
https://doi.org/10.1016/j.cedpsych.2022.102068,CONTEMPORARY EDUCATIONAL PSYCHOLOGY,What is the basis of teacher judgment of student cognitive abilities and academic achievement and what affects its accuracy?,36460,WOS:000799836900004
https://doi.org/10.1017/S0033291722000113,PSYCHOLOGICAL MEDICINE,Interferon-gamma moderation of poor sleep maintenance and depressed mood in community-dwelling older adults,52262,WOS:000754084700001
https://doi.org/10.1089/cyber.2022.0040,CYBERPSYCHOLOGY BEHAVIOR AND SOCIAL NETWORKING,Perceived Parental Monitoring of Smartphones and Problematic Smartphone Use in Adolescents: Mediating Roles of Self-Efficacy and Self-Control,8900,WOS:000888529800001
https://doi.org/10.1007/s00787-021-01721-w,EUROPEAN CHILD & ADOLESCENT PSYCHIATRY,A novel school-based approach to screening for attention deficit hyperactivity disorder,72315,WOS:000612872700001
https://doi.org/10.1016/j.jadohealth.2021.10.035,JOURNAL OF ADOLESCENT HEALTH,<p>Late Adolescent Predictors of Homelessness and Food Insecurity During Emerging Adulthood</p>,35791,WOS:000798205100008
https://doi.org/10.1177/01492063221104988,JOURNAL OF MANAGEMENT,CEO's Hometown Identity and Corporate Social Responsibility,28990,WOS:000822181400001
https://doi.org/10.1080/14780887.2022.2141669,QUALITATIVE RESEARCH IN PSYCHOLOGY,Narrative productions of memory: reflections on collective memories as knowledge about the past,10911,WOS:000880459600001
https://doi.org/10.1037/amp0000995,AMERICAN PSYCHOLOGIST,Are Illiberal Acts Unethical? APA's Ethics Code and the Protection of Free Speech,47147,WOS:000770406300001
https://doi.org/10.1016/j.chb.2022.107483,COMPUTERS IN HUMAN BEHAVIOR,Algorithms as partners in crime: A lesson in ethics by design,17730,WOS:000860663100009
https://doi.org/10.1007/s11469-022-00762-9,INTERNATIONAL JOURNAL OF MENTAL HEALTH AND ADDICTION,Sociodemographic Attributes and Racial Disparities for Waiting Times Towards Admissions for Substance Use Disorder Treatment in the Tri-State Area (NY-NJ-CT): a Cross-Sectional Study,54664,WOS:000748678500001
https://doi.org/10.1037/pspp0000428,JOURNAL OF PERSONALITY AND SOCIAL PSYCHOLOGY,The True Role That Suppressor Effects Play in Condition-Based Regression Analysis: None. A Reply to Fiedler (2021),17239,WOS:000858454000020
https://doi.org/10.1016/j.chb.2021.107007,COMPUTERS IN HUMAN BEHAVIOR,The effects of cultural dimensions on algorithmic news: How do cultural value orientations affect how people perceive algorithms?,64053,WOS:000703266700003
https://doi.org/10.1177/25152459221109259,ADVANCES IN METHODS AND PRACTICES IN PSYCHOLOGICAL SCIENCE,"Adjusting for Publication Bias in JASP and R: Selection Models, PET-PEESE, and Robust Bayesian Meta-Analysis",19432,WOS:000853051200001
https://doi.org/10.1016/j.jaac.2021.08.017,JOURNAL OF THE AMERICAN ACADEMY OF CHILD AND ADOLESCENT PSYCHIATRY,Smaller Hippocampal Volume Among Black and Latinx Youth Living in High-Stigma Contexts,25140,WOS:000831709300015
https://doi.org/10.1016/j.chb.2022.107569,COMPUTERS IN HUMAN BEHAVIOR,"Adolescents' online appearance preoccupation: A 5-year longitudinal study of the influence of peers, parents, beliefs, and disordered eating",2481,WOS:000911284400011
https://doi.org/10.1017/S0033291722002082,PSYCHOLOGICAL MEDICINE,Social network size and personality traits independently and prospectively predict distress disorders and suicidal behavior in US Army soldiers,22886,WOS:000841661200001
https://doi.org/10.1037/tra0001360,PSYCHOLOGICAL TRAUMA-THEORY RESEARCH PRACTICE AND POLICY,Ongoing Traumatic Stress During a Global Pandemic,17335,WOS:000860910800001
https://doi.org/10.1007/s11469-020-00466-y,INTERNATIONAL JOURNAL OF MENTAL HEALTH AND ADDICTION,"Positive Psychology for Mental Wellbeing of UK Therapeutic Students: Relationships with Engagement, Motivation, Resilience and Self-Compassion",72550,WOS:000607345600001
https://doi.org/10.1037/tra0001376,PSYCHOLOGICAL TRAUMA-THEORY RESEARCH PRACTICE AND POLICY,Longitudinal Patterns of Posttraumatic Stress Disorder Symptoms Among Sexual Assault Survivors: A Latent Transition Analysis,17336,WOS:000860912900001
https://doi.org/10.1016/j.learninstruc.2022.101652,LEARNING AND INSTRUCTION,How valid are student perceptions of teaching quality across education systems?,26439,WOS:000829840100001
https://doi.org/10.1002/mar.21737,PSYCHOLOGY & MARKETING,Role of artificial intelligence in marketing strategies and performance,15700,WOS:000864836000001
https://doi.org/10.1177/01492063211021657,JOURNAL OF MANAGEMENT,"Negotiation Impasses: Types, Causes, and Resolutions",68019,WOS:000665255900001
https://doi.org/10.1111/bjhp.12585,BRITISH JOURNAL OF HEALTH PSYCHOLOGY,Expecting the best or fearing the worst: Discrepancies between self-rated health and frailty in an ageing Irish population,52618,WOS:000753970600001
https://doi.org/10.1017/S0033291721005316,PSYCHOLOGICAL MEDICINE,Evolution of impulsivity levels in relation to early cannabis use in violent patients in the early phase of psychosis,52260,WOS:000753692600001
https://doi.org/10.1016/j.jadohealth.2022.08.012,JOURNAL OF ADOLESCENT HEALTH,"First-Generation College Students, Emotional Support, and Systemic Inflammation Following the College Transition",1903,WOS:000912259100009
https://doi.org/10.1177/01492063221108921,JOURNAL OF MANAGEMENT,Quits Versus Discharges Across Job Levels: Revisiting the Positive Side of Turnover,21994,WOS:000844834000001
https://doi.org/10.1037/apl0000996,JOURNAL OF APPLIED PSYCHOLOGY,On the Assessment of Predictive Bias in Selection Systems With Multiple Predictors,57934,WOS:000735543400001
https://doi.org/10.1080/00461520.2022.2089147,EDUCATIONAL PSYCHOLOGIST,"Online learner engagement: Conceptual definitions, research themes, and supportive practices",28414,WOS:000824357800001
https://doi.org/10.1038/s41562-021-01259-6,NATURE HUMAN BEHAVIOUR,Rational arbitration between statistics and rules in human sequence processing,40848,WOS:000789801100001
https://doi.org/10.1002/hrm.22149,HUMAN RESOURCE MANAGEMENT,A contingency approach to HRM and firm innovation: The role of national cultures,15727,WOS:000864861100001
https://doi.org/10.1037/pspa0000313,JOURNAL OF PERSONALITY AND SOCIAL PSYCHOLOGY,"Posing While Black: The Impact of Race and Expansive Poses on Trait Attributions, Professional Evaluations, and Interpersonal Relations",37086,WOS:000797149700001
https://doi.org/10.1017/S0033291722002379,PSYCHOLOGICAL MEDICINE,Fear learning and extinction predicts anxiety in daily life: a study of Pavlovian conditioning and ecological momentary assessment,19514,WOS:000852883900001
https://doi.org/10.1177/17456916211045971,PERSPECTIVES ON PSYCHOLOGICAL SCIENCE,"The Sweet Spot: When Children's Developing Abilities, Brains, and Knowledge Make Them Better Learners Than Adults",44373,WOS:000782100600001
https://doi.org/10.1016/j.jvb.2022.103825,JOURNAL OF VOCATIONAL BEHAVIOR,In need of opportunities: A within-person investigation of opposing pathways in the relationship between job insecurity and participation in development activities,2755,WOS:000906919800004
https://doi.org/10.1017/S0033291722001490,PSYCHOLOGICAL MEDICINE,Reduced fractional anisotropy in bipolar disorder v. major depressive disorder independent of current symptoms,27874,WOS:000825463700001
https://doi.org/10.1016/j.cedpsych.2022.102089,CONTEMPORARY EDUCATIONAL PSYCHOLOGY,"A golden triangle? Reciprocal effects among morphological awareness, vocabulary knowledge, and reading comprehension in Chinese children",21889,WOS:000839030400004
https://doi.org/10.1037/tra0001338,PSYCHOLOGICAL TRAUMA-THEORY RESEARCH PRACTICE AND POLICY,Resilience in Swedish Adolescents-Does Resilience Moderate the Relationship Between Trauma Experience and Trauma Symptoms?,17149,WOS:000860919100001
https://doi.org/10.1017/S0033291720002408,PSYCHOLOGICAL MEDICINE,Ten-year course of cognition in first-episode non-affective psychosis patients: PAFIP cohort,44624,WOS:000773495000020
https://doi.org/10.1017/S003329172100492X,PSYCHOLOGICAL MEDICINE,Clozapine-related obsessive-compulsive symptoms and their impact on wellbeing: a naturalistic longitudinal study,56104,WOS:000742215300001
https://doi.org/10.1007/s11469-020-00396-9,INTERNATIONAL JOURNAL OF MENTAL HEALTH AND ADDICTION,Personalising Outcome Measurement in Substance Misuse Treatment: the Feasibility and Psychometrics of Two Individualised Outcome Measures,73952,WOS:000568761200001
https://doi.org/10.1111/aphw.12369,APPLIED PSYCHOLOGY-HEALTH AND WELL BEING,Identifying as someone who avoids virus transmission strengthens physical distancing habit-behaviour relationships: A longitudinal multi-national study during the COVID-19 pandemic,37093,WOS:000797843800001
https://doi.org/10.1037/tra0000625,PSYCHOLOGICAL TRAUMA-THEORY RESEARCH PRACTICE AND POLICY,A Pilot Study Examining Roles of Cognitions and Affect Between Positive Memory Processing and Posttraumatic Stress Disorder Symptom Severity,59393,WOS:000733125400001
https://doi.org/10.1155/2022/1288273,HUMAN BEHAVIOR AND EMERGING TECHNOLOGIES,The Outcomes of Organizational Fairness among Precarious Workers: The Critical Role of Anomie at the Work,26679,WOS:000829091200001
https://doi.org/10.1037/met0000303,PSYCHOLOGICAL METHODS,Modeling Psychopathology: From Data Models to Formal Theories,62896,WOS:000733049700001
https://doi.org/10.1002/job.2618,JOURNAL OF ORGANIZATIONAL BEHAVIOR,The curvilinear relationship between team member boundary-spanning differentiation and creativity,50309,WOS:000762559300001
https://doi.org/10.1177/09637214221121295,CURRENT DIRECTIONS IN PSYCHOLOGICAL SCIENCE,"How Do LGBTQ plus Parents Raise Well-Adjusted, Resilient, and Thriving Children?",12004,WOS:000877867700001
https://doi.org/10.1037/pspp0000424,JOURNAL OF PERSONALITY AND SOCIAL PSYCHOLOGY,Gheirat as a Complex Emotional Reaction to Relational Boundary Violations: A Mixed-Methods Investigation,36604,WOS:000799982000001
https://doi.org/10.1016/j.jaac.2021.09.001,JOURNAL OF THE AMERICAN ACADEMY OF CHILD AND ADOLESCENT PSYCHIATRY,Profiles of Functioning in 5.5-Year-Old Very Preterm Born Children in France: The EPIPAGE-2 Study,24427,WOS:000833525900011
https://doi.org/10.1037/pspp0000450,JOURNAL OF PERSONALITY AND SOCIAL PSYCHOLOGY,When Is Sensory Consumption Immoral?,10470,WOS:000882317200001
https://doi.org/10.1016/j.learninstruc.2022.101663,LEARNING AND INSTRUCTION,Stability of social support during school transitions: Associations with truancy and not completing upper secondary education in normative time,20484,WOS:000849774100001
https://doi.org/10.1016/j.jadohealth.2021.08.027,JOURNAL OF ADOLESCENT HEALTH,"Adolescents' Receipt of Sex Education in a Nationally Representative Sample, 2011-2019",40432,WOS:000789211700017
https://doi.org/10.1177/01492063211004993,JOURNAL OF MANAGEMENT,People and the Place: Social Dominance Orientation Is Reciprocally Associated With Hierarchy-Enhancing Occupations Over Time,70360,WOS:000644044300001
https://doi.org/10.1016/j.jenvp.2022.101762,JOURNAL OF ENVIRONMENTAL PSYCHOLOGY,What do people say is the most important reason to protect nature? An analysis of pro-environmental motives across 11 countries,43588,WOS:000783018000001
https://doi.org/10.1038/s41562-022-01334-6,NATURE HUMAN BEHAVIOUR,Distinct spatiotemporal patterns of syntactic and semantic processing in human inferior frontal gyrus,34435,WOS:000805552000002
https://doi.org/10.1177/09567976221074650,PSYCHOLOGICAL SCIENCE,Cultures Crossing: The Power of Habit in Delaying Gratification,30708,WOS:000815938000001
https://doi.org/10.1016/j.chb.2022.107619,COMPUTERS IN HUMAN BEHAVIOR,That?s interesting! The role of epistemic emotions and perceived credibility in the relation between prior beliefs and susceptibility to fake-news,1831,WOS:000918660500001
https://doi.org/10.1111/apps.12436,APPLIED PSYCHOLOGY-AN INTERNATIONAL REVIEW-PSYCHOLOGIE APPLIQUEE-REVUE INTERNATIONALE,Entrepreneurial orientation and decision-making under risk and uncertainty: Experimental evidence from the Columbia Card Task,16113,WOS:000864050500001
https://doi.org/10.1089/cyber.2022.0068,CYBERPSYCHOLOGY BEHAVIOR AND SOCIAL NETWORKING,Romance Behind the Screens: Exploring the Role of Technoference on Intimacy,9359,WOS:000886702600001
https://doi.org/10.1080/17437199.2022.2154242,HEALTH PSYCHOLOGY REVIEW,Practical parsimony and complexity in conceptualising habit,5828,WOS:000897654000001
https://doi.org/10.1007/s11469-020-00312-1,INTERNATIONAL JOURNAL OF MENTAL HEALTH AND ADDICTION,Waterpipe Tobacco Smoking and Associated Risk Factors among Bangladeshi University Students: An Exploratory Pilot Study,75059,WOS:000535670600003
https://doi.org/10.1016/j.chb.2022.107616,COMPUTERS IN HUMAN BEHAVIOR,Virtual leaders: Can customizing authoritarian and democratic business leader avatars influence altruistic behavior and leadership empowerment perceptions?,595,WOS:000964688400001
https://doi.org/10.1007/s11469-021-00503-4,INTERNATIONAL JOURNAL OF MENTAL HEALTH AND ADDICTION,An Identity Process Theory Account of the Impact of Boarding School on Sense of Self and Mental Health: an Interpretative Phenomenological Analysis,71176,WOS:000626391300006
https://doi.org/10.1111/aphw.12418,APPLIED PSYCHOLOGY-HEALTH AND WELL BEING,Reciprocal associations between peer victimization and depressive symptoms among Chinese children and adolescents: Between- and within-person effects,8769,WOS:000887953000001
